-- Generated by Craft v2.6.2999 on Dec 31, 2017, 4:20:34 AM.

--
-- Disable foreign key checks and autocommit.
--

SET FOREIGN_KEY_CHECKS = 0;
SET SQL_MODE = "NO_AUTO_VALUE_ON_ZERO";
SET AUTOCOMMIT = 0;
SET NAMES utf8;


DROP TABLE IF EXISTS `craft_assetfiles`;


--
-- Schema for table `craft_assetfiles`
--
CREATE TABLE `craft_assetfiles` (
  `id` int(11) NOT NULL,
  `sourceId` int(11) DEFAULT NULL,
  `folderId` int(11) NOT NULL,
  `filename` varchar(255) COLLATE utf8_unicode_ci NOT NULL,
  `kind` varchar(50) COLLATE utf8_unicode_ci NOT NULL DEFAULT 'unknown',
  `width` int(11) unsigned DEFAULT NULL,
  `height` int(11) unsigned DEFAULT NULL,
  `size` bigint(20) unsigned DEFAULT NULL,
  `dateModified` datetime DEFAULT NULL,
  `dateCreated` datetime NOT NULL,
  `dateUpdated` datetime NOT NULL,
  `uid` char(36) COLLATE utf8_unicode_ci NOT NULL DEFAULT '0',
  PRIMARY KEY (`id`),
  UNIQUE KEY `craft_assetfiles_filename_folderId_unq_idx` (`filename`,`folderId`),
  KEY `craft_assetfiles_sourceId_fk` (`sourceId`),
  KEY `craft_assetfiles_folderId_fk` (`folderId`)
) ENGINE=InnoDB DEFAULT CHARSET=utf8 COLLATE=utf8_unicode_ci;

--
-- Data for table `craft_assetfiles`
--

INSERT INTO `craft_assetfiles` (`id`, `sourceId`, `folderId`, `filename`, `kind`, `width`, `height`, `size`, `dateModified`, `dateCreated`, `dateUpdated`, `uid`) VALUES
 ('10', NULL, '7', 'dropbox-by-rapt-studio-001.jpg', 'image', '2880', '1360', '169570', '2017-12-07 18:11:10', '2017-12-07 18:11:10', '2017-12-07 18:11:10', 'c55303b4-bcb3-4830-8a4e-afbb98247646'),
 ('11', NULL, '7', 'dropbox-by-rapt-studio-002.jpg', 'image', '2560', '1920', '451215', '2017-12-07 18:11:12', '2017-12-07 18:11:12', '2017-12-07 18:11:12', '5c1dfa1b-67bd-412e-9f73-1de73ebb1d5f'),
 ('12', NULL, '7', 'dropbox-by-rapt-studio-003.jpg', 'image', '2560', '1920', '337232', '2017-12-07 18:11:13', '2017-12-07 18:11:13', '2017-12-07 18:11:13', '7bd4bc9d-f9b2-4130-bc2d-f79c501ba9ee'),
 ('13', NULL, '7', 'dropbox-by-rapt-studio-004.jpg', 'image', '2560', '1920', '744933', '2017-12-07 18:11:15', '2017-12-07 18:11:15', '2017-12-07 18:11:15', 'c21fff25-6a04-4fc3-a6ff-aed3bf252741'),
 ('14', '1', '8', 'dropbox-by-rapt-studio-005.jpg', 'image', '2560', '1920', '235171', '2017-12-07 18:11:16', '2017-12-07 18:11:16', '2017-12-07 18:12:35', '646ea6a7-1a6d-4971-af6a-1a27ecef48a3'),
 ('15', NULL, '7', 'dropbox-by-rapt-studio-006.jpg', 'image', '1280', '1707', '156225', '2017-12-07 18:11:17', '2017-12-07 18:11:17', '2017-12-07 18:11:17', '33d05f14-716b-4b8c-a138-1f0f15734d13'),
 ('16', NULL, '7', 'dropbox-by-rapt-studio-007.jpg', 'image', '1280', '1707', '138907', '2017-12-07 18:11:18', '2017-12-07 18:11:18', '2017-12-07 18:11:18', '3215108e-d7f7-4bd0-994a-917d8b8156bb'),
 ('17', NULL, '7', 'dropbox-by-rapt-studio-008.jpg', 'image', '1280', '1707', '314831', '2017-12-07 18:11:19', '2017-12-07 18:11:19', '2017-12-07 18:11:19', 'ab38730c-f299-4526-9601-8e881682b0d8'),
 ('18', NULL, '7', 'dropbox-by-rapt-studio-009.jpg', 'image', '1280', '1707', '167889', '2017-12-07 18:11:20', '2017-12-07 18:11:20', '2017-12-07 18:11:20', '92d73f05-c71c-48c3-b5f0-0d931e6c2ab3'),
 ('19', NULL, '7', 'dropbox-by-rapt-studio-010.jpg', 'image', '1252', '1560', '1680153', '2017-12-07 18:11:26', '2017-12-07 18:11:28', '2017-12-07 18:11:28', 'b23e1d8b-1046-47b1-8138-24e0534399a7'),
 ('20', '1', '8', 'dropbox-by-rapt-studio-001.jpg', 'image', '2880', '1360', '169570', '2017-12-07 18:14:28', '2017-12-07 18:14:28', '2017-12-07 18:14:28', 'bd2ae0f0-309c-4832-b333-a19f8e4b2895'),
 ('21', '1', '8', 'dropbox-by-rapt-studio-002.jpg', 'image', '2560', '1920', '451215', '2017-12-07 18:14:29', '2017-12-07 18:14:29', '2017-12-07 18:14:29', '1a68a74b-8135-4e53-8788-138ff17439ba'),
 ('22', '1', '8', 'dropbox-by-rapt-studio-003.jpg', 'image', '2560', '1920', '337232', '2017-12-07 18:14:30', '2017-12-07 18:14:30', '2017-12-07 18:14:30', '979f0e3a-2e3d-441e-92db-91d43a0e04e3'),
 ('23', '1', '8', 'dropbox-by-rapt-studio-004.jpg', 'image', '2560', '1920', '744933', '2017-12-07 18:14:32', '2017-12-07 18:14:32', '2017-12-07 18:14:32', '130c4e59-2ffd-4d03-bcff-9adc221afa07'),
 ('24', '1', '8', 'dropbox-by-rapt-studio-006.jpg', 'image', '1280', '1707', '156225', '2017-12-07 18:14:32', '2017-12-07 18:14:33', '2017-12-07 18:14:33', '458a5e63-a56c-4f77-a094-ee01edc56838'),
 ('25', '1', '8', 'dropbox-by-rapt-studio-007.jpg', 'image', '1280', '1707', '138907', '2017-12-07 18:14:33', '2017-12-07 18:14:33', '2017-12-07 18:14:33', '55d1a2eb-cf0e-410f-8d76-c062726664dc'),
 ('26', '1', '8', 'dropbox-by-rapt-studio-008.jpg', 'image', '1280', '1707', '314831', '2017-12-07 18:14:34', '2017-12-07 18:14:35', '2017-12-07 18:14:35', '0b1c0e8f-8113-474c-b200-5c034de92919'),
 ('27', '1', '8', 'dropbox-by-rapt-studio-009.jpg', 'image', '1280', '1707', '167889', '2017-12-07 18:14:35', '2017-12-07 18:14:35', '2017-12-07 18:14:35', '690aaf05-2a65-4590-abcc-72f89083509a'),
 ('28', '1', '8', 'dropbox-by-rapt-studio-010.jpg', 'image', '1252', '1560', '1680153', '2017-12-07 18:14:38', '2017-12-07 18:14:38', '2017-12-07 18:14:38', '1fd9bb27-2374-4c0d-b9b1-3adcd5692d96');



DROP TABLE IF EXISTS `craft_assetfolders`;


--
-- Schema for table `craft_assetfolders`
--
CREATE TABLE `craft_assetfolders` (
  `id` int(11) NOT NULL AUTO_INCREMENT,
  `parentId` int(11) DEFAULT NULL,
  `sourceId` int(11) DEFAULT NULL,
  `name` varchar(255) COLLATE utf8_unicode_ci NOT NULL,
  `path` varchar(255) COLLATE utf8_unicode_ci DEFAULT NULL,
  `dateCreated` datetime NOT NULL,
  `dateUpdated` datetime NOT NULL,
  `uid` char(36) COLLATE utf8_unicode_ci NOT NULL DEFAULT '0',
  PRIMARY KEY (`id`),
  UNIQUE KEY `craft_assetfolders_name_parentId_sourceId_unq_idx` (`name`,`parentId`,`sourceId`),
  KEY `craft_assetfolders_parentId_fk` (`parentId`),
  KEY `craft_assetfolders_sourceId_fk` (`sourceId`)
) ENGINE=InnoDB AUTO_INCREMENT=9 DEFAULT CHARSET=utf8 COLLATE=utf8_unicode_ci;

--
-- Data for table `craft_assetfolders`
--

INSERT INTO `craft_assetfolders` (`id`, `parentId`, `sourceId`, `name`, `path`, `dateCreated`, `dateUpdated`, `uid`) VALUES
 ('1', NULL, '1', 'Entry Images', '', '2017-12-05 13:44:14', '2017-12-05 13:44:14', '83e30907-1dc7-4776-bbc1-e9b7e6b07134'),
 ('2', NULL, NULL, 'Temporary source', NULL, '2017-12-05 13:45:25', '2017-12-05 13:45:25', '398ccc4d-e897-48a7-a928-c881184bf438'),
 ('3', '2', NULL, 'user_1', 'user_1/', '2017-12-05 13:45:25', '2017-12-05 13:45:25', 'ea559579-6ae1-497e-83b9-23b64ce1fbe4'),
 ('4', '3', NULL, 'field_3', 'user_1/field_3/', '2017-12-05 13:45:25', '2017-12-05 13:45:25', '18c481b7-c715-44bf-afc6-712bf36c4df7'),
 ('7', '3', NULL, 'field_4', 'user_1/field_4/', '2017-12-07 18:09:24', '2017-12-07 18:09:24', 'eccda08b-b531-431e-a182-6eecf7a9ae7d'),
 ('8', '1', '1', 'dropbox-by-rapt-studios', 'dropbox-by-rapt-studios/', '2017-12-07 18:12:35', '2017-12-07 18:12:35', 'ab13151a-abe9-460f-9cdb-6e0102398581');



DROP TABLE IF EXISTS `craft_assetindexdata`;


--
-- Schema for table `craft_assetindexdata`
--
CREATE TABLE `craft_assetindexdata` (
  `id` int(11) NOT NULL AUTO_INCREMENT,
  `sessionId` varchar(36) COLLATE utf8_unicode_ci NOT NULL DEFAULT '',
  `sourceId` int(10) NOT NULL,
  `offset` int(10) NOT NULL,
  `uri` varchar(255) COLLATE utf8_unicode_ci DEFAULT NULL,
  `size` varchar(255) COLLATE utf8_unicode_ci DEFAULT NULL,
  `recordId` int(10) DEFAULT NULL,
  `dateCreated` datetime NOT NULL,
  `dateUpdated` datetime NOT NULL,
  `uid` char(36) COLLATE utf8_unicode_ci NOT NULL DEFAULT '0',
  PRIMARY KEY (`id`),
  UNIQUE KEY `craft_assetindexdata_sessionId_sourceId_offset_unq_idx` (`sessionId`,`sourceId`,`offset`),
  KEY `craft_assetindexdata_sourceId_fk` (`sourceId`)
) ENGINE=InnoDB DEFAULT CHARSET=utf8 COLLATE=utf8_unicode_ci;

DROP TABLE IF EXISTS `craft_assetsources`;


--
-- Schema for table `craft_assetsources`
--
CREATE TABLE `craft_assetsources` (
  `id` int(11) NOT NULL AUTO_INCREMENT,
  `name` varchar(255) COLLATE utf8_unicode_ci NOT NULL,
  `handle` varchar(255) COLLATE utf8_unicode_ci NOT NULL,
  `type` varchar(150) COLLATE utf8_unicode_ci NOT NULL,
  `settings` text COLLATE utf8_unicode_ci,
  `sortOrder` smallint(6) unsigned DEFAULT NULL,
  `fieldLayoutId` int(10) DEFAULT NULL,
  `dateCreated` datetime NOT NULL,
  `dateUpdated` datetime NOT NULL,
  `uid` char(36) COLLATE utf8_unicode_ci NOT NULL DEFAULT '0',
  PRIMARY KEY (`id`),
  UNIQUE KEY `craft_assetsources_name_unq_idx` (`name`),
  UNIQUE KEY `craft_assetsources_handle_unq_idx` (`handle`),
  KEY `craft_assetsources_fieldLayoutId_fk` (`fieldLayoutId`)
) ENGINE=InnoDB AUTO_INCREMENT=2 DEFAULT CHARSET=utf8 COLLATE=utf8_unicode_ci;

--
-- Data for table `craft_assetsources`
--

INSERT INTO `craft_assetsources` (`id`, `name`, `handle`, `type`, `settings`, `sortOrder`, `fieldLayoutId`, `dateCreated`, `dateUpdated`, `uid`) VALUES
 ('1', 'Entry Images', 'entryImages', 'Local', '{\"path\":\"images\\/entries\\/\",\"publicURLs\":\"\",\"url\":\"\"}', '1', '8', '2017-12-05 13:44:14', '2017-12-05 13:44:14', 'bd8689fd-2841-4c59-9f27-995a46ee6531');



DROP TABLE IF EXISTS `craft_assettransformindex`;


--
-- Schema for table `craft_assettransformindex`
--
CREATE TABLE `craft_assettransformindex` (
  `id` int(11) NOT NULL AUTO_INCREMENT,
  `fileId` int(11) NOT NULL,
  `filename` varchar(255) COLLATE utf8_unicode_ci DEFAULT NULL,
  `format` varchar(255) COLLATE utf8_unicode_ci DEFAULT NULL,
  `location` varchar(255) COLLATE utf8_unicode_ci NOT NULL,
  `sourceId` int(11) DEFAULT NULL,
  `fileExists` tinyint(1) DEFAULT NULL,
  `inProgress` tinyint(1) DEFAULT NULL,
  `dateIndexed` datetime DEFAULT NULL,
  `dateCreated` datetime NOT NULL,
  `dateUpdated` datetime NOT NULL,
  `uid` char(36) COLLATE utf8_unicode_ci NOT NULL DEFAULT '0',
  PRIMARY KEY (`id`),
  KEY `craft_assettransformindex_sourceId_fileId_location_idx` (`sourceId`,`fileId`,`location`)
) ENGINE=InnoDB DEFAULT CHARSET=utf8 COLLATE=utf8_unicode_ci;

DROP TABLE IF EXISTS `craft_assettransforms`;


--
-- Schema for table `craft_assettransforms`
--
CREATE TABLE `craft_assettransforms` (
  `id` int(11) NOT NULL AUTO_INCREMENT,
  `name` varchar(255) COLLATE utf8_unicode_ci NOT NULL,
  `handle` varchar(255) COLLATE utf8_unicode_ci NOT NULL,
  `mode` enum('stretch','fit','crop') COLLATE utf8_unicode_ci NOT NULL DEFAULT 'crop',
  `position` enum('top-left','top-center','top-right','center-left','center-center','center-right','bottom-left','bottom-center','bottom-right') COLLATE utf8_unicode_ci NOT NULL DEFAULT 'center-center',
  `height` int(10) DEFAULT NULL,
  `width` int(10) DEFAULT NULL,
  `format` varchar(255) COLLATE utf8_unicode_ci DEFAULT NULL,
  `quality` int(10) DEFAULT NULL,
  `dimensionChangeTime` datetime DEFAULT NULL,
  `dateCreated` datetime NOT NULL,
  `dateUpdated` datetime NOT NULL,
  `uid` char(36) COLLATE utf8_unicode_ci NOT NULL DEFAULT '0',
  PRIMARY KEY (`id`),
  UNIQUE KEY `craft_assettransforms_name_unq_idx` (`name`),
  UNIQUE KEY `craft_assettransforms_handle_unq_idx` (`handle`)
) ENGINE=InnoDB DEFAULT CHARSET=utf8 COLLATE=utf8_unicode_ci;

DROP TABLE IF EXISTS `craft_categories`;


--
-- Schema for table `craft_categories`
--
CREATE TABLE `craft_categories` (
  `id` int(11) NOT NULL,
  `groupId` int(11) NOT NULL,
  `dateCreated` datetime NOT NULL,
  `dateUpdated` datetime NOT NULL,
  `uid` char(36) COLLATE utf8_unicode_ci NOT NULL DEFAULT '0',
  PRIMARY KEY (`id`),
  KEY `craft_categories_groupId_fk` (`groupId`)
) ENGINE=InnoDB DEFAULT CHARSET=utf8 COLLATE=utf8_unicode_ci;

DROP TABLE IF EXISTS `craft_categorygroups`;


--
-- Schema for table `craft_categorygroups`
--
CREATE TABLE `craft_categorygroups` (
  `id` int(11) NOT NULL AUTO_INCREMENT,
  `structureId` int(11) NOT NULL,
  `fieldLayoutId` int(11) DEFAULT NULL,
  `name` varchar(255) COLLATE utf8_unicode_ci NOT NULL,
  `handle` varchar(255) COLLATE utf8_unicode_ci NOT NULL,
  `hasUrls` tinyint(1) unsigned NOT NULL DEFAULT '1',
  `template` varchar(500) COLLATE utf8_unicode_ci DEFAULT NULL,
  `dateCreated` datetime NOT NULL,
  `dateUpdated` datetime NOT NULL,
  `uid` char(36) COLLATE utf8_unicode_ci NOT NULL DEFAULT '0',
  PRIMARY KEY (`id`),
  UNIQUE KEY `craft_categorygroups_name_unq_idx` (`name`),
  UNIQUE KEY `craft_categorygroups_handle_unq_idx` (`handle`),
  KEY `craft_categorygroups_structureId_fk` (`structureId`),
  KEY `craft_categorygroups_fieldLayoutId_fk` (`fieldLayoutId`)
) ENGINE=InnoDB DEFAULT CHARSET=utf8 COLLATE=utf8_unicode_ci;

DROP TABLE IF EXISTS `craft_categorygroups_i18n`;


--
-- Schema for table `craft_categorygroups_i18n`
--
CREATE TABLE `craft_categorygroups_i18n` (
  `id` int(11) NOT NULL AUTO_INCREMENT,
  `groupId` int(11) NOT NULL,
  `locale` char(12) COLLATE utf8_unicode_ci NOT NULL,
  `urlFormat` text COLLATE utf8_unicode_ci,
  `nestedUrlFormat` text COLLATE utf8_unicode_ci,
  `dateCreated` datetime NOT NULL,
  `dateUpdated` datetime NOT NULL,
  `uid` char(36) COLLATE utf8_unicode_ci NOT NULL DEFAULT '0',
  PRIMARY KEY (`id`),
  UNIQUE KEY `craft_categorygroups_i18n_groupId_locale_unq_idx` (`groupId`,`locale`),
  KEY `craft_categorygroups_i18n_locale_fk` (`locale`)
) ENGINE=InnoDB DEFAULT CHARSET=utf8 COLLATE=utf8_unicode_ci;

DROP TABLE IF EXISTS `craft_content`;


--
-- Schema for table `craft_content`
--
CREATE TABLE `craft_content` (
  `id` int(11) NOT NULL AUTO_INCREMENT,
  `elementId` int(11) NOT NULL,
  `locale` char(12) COLLATE utf8_unicode_ci NOT NULL,
  `title` varchar(255) COLLATE utf8_unicode_ci DEFAULT NULL,
  `field_body` text COLLATE utf8_unicode_ci,
  `field_inspirationSummary` text COLLATE utf8_unicode_ci,
  `dateCreated` datetime NOT NULL,
  `dateUpdated` datetime NOT NULL,
  `uid` char(36) COLLATE utf8_unicode_ci NOT NULL DEFAULT '0',
  PRIMARY KEY (`id`),
  UNIQUE KEY `craft_content_elementId_locale_unq_idx` (`elementId`,`locale`),
  KEY `craft_content_title_idx` (`title`),
  KEY `craft_content_locale_fk` (`locale`)
) ENGINE=InnoDB AUTO_INCREMENT=29 DEFAULT CHARSET=utf8 COLLATE=utf8_unicode_ci;

--
-- Data for table `craft_content`
--

INSERT INTO `craft_content` (`id`, `elementId`, `locale`, `title`, `field_body`, `field_inspirationSummary`, `dateCreated`, `dateUpdated`, `uid`) VALUES
 ('1', '1', 'en_us', NULL, NULL, NULL, '2017-11-15 23:24:22', '2017-11-15 23:24:22', 'e090cbe4-b3ad-42cd-88eb-8bcc172c071a'),
 ('2', '2', 'en_us', 'Welcome to Stealthisspace.com!', '<p>It’s true, this site doesn’t have a whole lot of content yet, but don’t worry. Our web developers have just installed the CMS, and they’re setting things up for the content editors this very moment. Soon Stealthisspace.com will be an oasis of fresh perspectives, sharp analyses, and astute opinions that will keep you coming back again and again.</p>', NULL, '2017-11-15 23:24:24', '2017-11-15 23:24:24', '1b7c1993-15eb-40bb-8623-722bf00f3853'),
 ('3', '3', 'en_us', 'We just installed Craft!', '<p>Craft is the CMS that’s powering Stealthisspace.com. It’s beautiful, powerful, flexible, and easy-to-use, and it’s made by Pixel &amp; Tonic. We can’t wait to dive in and see what it’s capable of!</p><!--pagebreak--><p>This is even more captivating content, which you couldn’t see on the News index page because it was entered after a Page Break, and the News index template only likes to show the content on the first page.</p><p>Craft: a nice alternative to Word, if you’re making a website.</p>', NULL, '2017-11-15 23:24:24', '2017-12-06 16:44:17', '537580b1-1734-42e7-8ae1-e9317240eb62'),
 ('9', '9', 'en_us', 'Dropbox by Rapt Studios', NULL, '<p>Rapt Studios created a beautiful space for Dropbox\'s employees to work in, which enhances the sense of community within the workplace. The design has won 4 awards. You can read their case study and view more images&nbsp;<a href=\"https://raptstudio.com/work/dropbox/\" target=\"_blank\">here</a>.</p>\r\n', '2017-12-07 18:09:44', '2017-12-07 18:21:03', 'f1cd2fcd-c4e1-43b7-bb4c-c20a4eabc86a'),
 ('10', '10', 'en_us', 'Dropbox By Rapt Studio 001', NULL, NULL, '2017-12-07 18:11:10', '2017-12-07 18:11:10', 'aeec705b-f335-429d-9d6e-cfa6cbdfecdc'),
 ('11', '11', 'en_us', 'Dropbox By Rapt Studio 002', NULL, NULL, '2017-12-07 18:11:12', '2017-12-07 18:11:12', 'bfd28b7c-a5e7-42a4-94b2-4261bc373ccd'),
 ('12', '12', 'en_us', 'Dropbox By Rapt Studio 003', NULL, NULL, '2017-12-07 18:11:13', '2017-12-07 18:11:13', 'd6212355-60b0-47aa-9b96-6ae4ceb3e74a'),
 ('13', '13', 'en_us', 'Dropbox By Rapt Studio 004', NULL, NULL, '2017-12-07 18:11:15', '2017-12-07 18:11:15', '7426d381-b738-40db-8f6b-c8650fa5dfe9'),
 ('14', '14', 'en_us', 'Dropbox By Rapt Studio 005', NULL, NULL, '2017-12-07 18:11:16', '2017-12-07 18:12:35', '402e7bb2-ad0e-4e3f-b44e-e15b5120deae'),
 ('15', '15', 'en_us', 'Dropbox By Rapt Studio 006', NULL, NULL, '2017-12-07 18:11:17', '2017-12-07 18:11:17', 'f8e355a0-8aa3-42f3-a199-66780ca2b4a2'),
 ('16', '16', 'en_us', 'Dropbox By Rapt Studio 007', NULL, NULL, '2017-12-07 18:11:18', '2017-12-07 18:11:18', '04d457bf-9322-42c8-9654-55b5fd205613'),
 ('17', '17', 'en_us', 'Dropbox By Rapt Studio 008', NULL, NULL, '2017-12-07 18:11:19', '2017-12-07 18:11:19', '2b5af99d-847e-4203-9e2a-66efbb98e3b6'),
 ('18', '18', 'en_us', 'Dropbox By Rapt Studio 009', NULL, NULL, '2017-12-07 18:11:20', '2017-12-07 18:11:20', '5d1a0b0c-977d-4c50-a438-947e5b63d044'),
 ('19', '19', 'en_us', 'Dropbox By Rapt Studio 010', NULL, NULL, '2017-12-07 18:11:27', '2017-12-07 18:11:27', '7a9aa086-b802-4086-bfdc-5760d7d6fb95'),
 ('20', '20', 'en_us', 'Dropbox By Rapt Studio 001', NULL, NULL, '2017-12-07 18:14:28', '2017-12-07 18:14:28', '445e89a4-aa0c-49e0-bd4d-6168886e22b1'),
 ('21', '21', 'en_us', 'Dropbox By Rapt Studio 002', NULL, NULL, '2017-12-07 18:14:29', '2017-12-07 18:14:29', '9f101348-6901-4698-89e0-ea2b92159ae0'),
 ('22', '22', 'en_us', 'Dropbox By Rapt Studio 003', NULL, NULL, '2017-12-07 18:14:30', '2017-12-07 18:14:30', 'fef53a87-6a8a-4f1c-b4b1-2456dd076b54'),
 ('23', '23', 'en_us', 'Dropbox By Rapt Studio 004', NULL, NULL, '2017-12-07 18:14:32', '2017-12-07 18:14:32', '4a083aa8-9921-4668-b39b-1898c77b9f31'),
 ('24', '24', 'en_us', 'Dropbox By Rapt Studio 006', NULL, NULL, '2017-12-07 18:14:33', '2017-12-07 18:14:33', '2f4abf1c-16d5-4c71-8cf6-a8ffc9a722ce'),
 ('25', '25', 'en_us', 'Dropbox By Rapt Studio 007', NULL, NULL, '2017-12-07 18:14:33', '2017-12-07 18:14:33', 'cf313278-1fbd-4c1e-9da9-644d4eb60ce6'),
 ('26', '26', 'en_us', 'Dropbox By Rapt Studio 008', NULL, NULL, '2017-12-07 18:14:34', '2017-12-07 18:14:34', '09a00837-05e2-4922-ba5d-e198d8b557f5'),
 ('27', '27', 'en_us', 'Dropbox By Rapt Studio 009', NULL, NULL, '2017-12-07 18:14:35', '2017-12-07 18:14:35', '192da358-e93d-4cfa-9369-b0c923049a70'),
 ('28', '28', 'en_us', 'Dropbox By Rapt Studio 010', NULL, NULL, '2017-12-07 18:14:38', '2017-12-07 18:14:38', 'ca416eb8-1090-4e11-9dd9-c391056913c2');



DROP TABLE IF EXISTS `craft_deprecationerrors`;


--
-- Schema for table `craft_deprecationerrors`
--
CREATE TABLE `craft_deprecationerrors` (
  `id` int(11) NOT NULL AUTO_INCREMENT,
  `key` varchar(255) COLLATE utf8_unicode_ci NOT NULL,
  `fingerprint` varchar(255) COLLATE utf8_unicode_ci NOT NULL,
  `lastOccurrence` datetime NOT NULL,
  `file` varchar(255) COLLATE utf8_unicode_ci NOT NULL,
  `line` smallint(6) unsigned NOT NULL,
  `class` varchar(255) COLLATE utf8_unicode_ci DEFAULT NULL,
  `method` varchar(255) COLLATE utf8_unicode_ci DEFAULT NULL,
  `template` varchar(255) COLLATE utf8_unicode_ci DEFAULT NULL,
  `templateLine` smallint(6) unsigned DEFAULT NULL,
  `message` varchar(255) COLLATE utf8_unicode_ci DEFAULT NULL,
  `traces` text COLLATE utf8_unicode_ci,
  `dateCreated` datetime NOT NULL,
  `dateUpdated` datetime NOT NULL,
  `uid` char(36) COLLATE utf8_unicode_ci NOT NULL DEFAULT '0',
  PRIMARY KEY (`id`),
  UNIQUE KEY `craft_deprecationerrors_key_fingerprint_unq_idx` (`key`,`fingerprint`)
) ENGINE=InnoDB DEFAULT CHARSET=utf8 COLLATE=utf8_unicode_ci;

DROP TABLE IF EXISTS `craft_elementindexsettings`;


--
-- Schema for table `craft_elementindexsettings`
--
CREATE TABLE `craft_elementindexsettings` (
  `id` int(11) NOT NULL AUTO_INCREMENT,
  `type` varchar(150) COLLATE utf8_unicode_ci NOT NULL,
  `settings` text COLLATE utf8_unicode_ci,
  `dateCreated` datetime NOT NULL,
  `dateUpdated` datetime NOT NULL,
  `uid` char(36) COLLATE utf8_unicode_ci NOT NULL DEFAULT '0',
  PRIMARY KEY (`id`),
  UNIQUE KEY `craft_elementindexsettings_type_unq_idx` (`type`)
) ENGINE=InnoDB AUTO_INCREMENT=2 DEFAULT CHARSET=utf8 COLLATE=utf8_unicode_ci;

--
-- Data for table `craft_elementindexsettings`
--

INSERT INTO `craft_elementindexsettings` (`id`, `type`, `settings`, `dateCreated`, `dateUpdated`, `uid`) VALUES
 ('1', 'Entry', '{\"sourceOrder\":[[\"key\",\"*\"],[\"key\",\"singles\"],[\"heading\",\"Channels\"],[\"key\",\"section:4\"],[\"key\",\"section:6\"],[\"key\",\"section:2\"],[\"key\",\"section:7\"],[\"key\",\"section:5\"],[\"key\",\"section:3\"]],\"sources\":{\"section:2\":{\"tableAttributes\":{\"1\":\"postDate\",\"2\":\"link\",\"3\":\"section\",\"4\":\"type\",\"5\":\"slug\",\"6\":\"dateCreated\"}}}}', '2017-12-06 16:46:15', '2017-12-06 16:46:15', 'addf323b-84f9-4e66-9d03-d742a37ab4ff');



DROP TABLE IF EXISTS `craft_elements`;


--
-- Schema for table `craft_elements`
--
CREATE TABLE `craft_elements` (
  `id` int(11) NOT NULL AUTO_INCREMENT,
  `type` varchar(150) COLLATE utf8_unicode_ci NOT NULL,
  `enabled` tinyint(1) unsigned NOT NULL DEFAULT '1',
  `archived` tinyint(1) unsigned NOT NULL DEFAULT '0',
  `dateCreated` datetime NOT NULL,
  `dateUpdated` datetime NOT NULL,
  `uid` char(36) COLLATE utf8_unicode_ci NOT NULL DEFAULT '0',
  PRIMARY KEY (`id`),
  KEY `craft_elements_type_idx` (`type`),
  KEY `craft_elements_enabled_idx` (`enabled`),
  KEY `craft_elements_archived_dateCreated_idx` (`archived`,`dateCreated`)
) ENGINE=InnoDB AUTO_INCREMENT=29 DEFAULT CHARSET=utf8 COLLATE=utf8_unicode_ci;

--
-- Data for table `craft_elements`
--

INSERT INTO `craft_elements` (`id`, `type`, `enabled`, `archived`, `dateCreated`, `dateUpdated`, `uid`) VALUES
 ('1', 'User', '1', '0', '2017-11-15 23:24:22', '2017-11-15 23:24:22', '50c9cd7f-56ed-416f-ba50-01d4058010c4'),
 ('2', 'Entry', '1', '0', '2017-11-15 23:24:24', '2017-11-15 23:24:24', '79ba6e9d-349e-4956-9db3-61730dd015f7'),
 ('3', 'Entry', '1', '0', '2017-11-15 23:24:24', '2017-12-06 16:44:17', 'd096e1ad-177c-4c28-a230-2cfac11795af'),
 ('9', 'Entry', '0', '0', '2017-12-07 18:09:44', '2017-12-07 18:21:03', '46165522-7cef-4b6e-8bd7-ea6283cb8883'),
 ('10', 'Asset', '1', '0', '2017-12-07 18:11:10', '2017-12-07 18:11:10', '15afa789-ffc1-47e8-9083-d5337ad34e56'),
 ('11', 'Asset', '1', '0', '2017-12-07 18:11:12', '2017-12-07 18:11:12', '21c47743-a9f5-4139-8682-1fcd0cb9bbe7'),
 ('12', 'Asset', '1', '0', '2017-12-07 18:11:13', '2017-12-07 18:11:13', 'a41eef9a-0cf8-4b30-9b69-42a6d70650e4'),
 ('13', 'Asset', '1', '0', '2017-12-07 18:11:15', '2017-12-07 18:11:15', 'b396966a-130c-4fcb-ab4f-1f8abe039b18'),
 ('14', 'Asset', '1', '0', '2017-12-07 18:11:16', '2017-12-07 18:12:35', 'd98c46a8-e544-4071-83cd-7d348cf2d40d'),
 ('15', 'Asset', '1', '0', '2017-12-07 18:11:17', '2017-12-07 18:11:17', '8c79e882-dded-4c0b-a57b-0139196ba044'),
 ('16', 'Asset', '1', '0', '2017-12-07 18:11:18', '2017-12-07 18:11:18', '7398aed8-b954-4a0f-b170-d5619b7cc29b'),
 ('17', 'Asset', '1', '0', '2017-12-07 18:11:19', '2017-12-07 18:11:19', '83a13a92-dcb4-4b41-b252-38d55844c956'),
 ('18', 'Asset', '1', '0', '2017-12-07 18:11:20', '2017-12-07 18:11:20', '0523e67d-b291-4a8e-8e3a-64afca4616c2'),
 ('19', 'Asset', '1', '0', '2017-12-07 18:11:27', '2017-12-07 18:11:27', 'ba686b13-8d15-45b5-973a-a2a55b1ae68f'),
 ('20', 'Asset', '1', '0', '2017-12-07 18:14:28', '2017-12-07 18:14:28', 'e330aae7-67c2-421b-b79f-350e3960f897'),
 ('21', 'Asset', '1', '0', '2017-12-07 18:14:29', '2017-12-07 18:14:29', '9d035d13-5798-4df6-a151-7edea6c1057b'),
 ('22', 'Asset', '1', '0', '2017-12-07 18:14:30', '2017-12-07 18:14:30', 'c16e13dc-043b-4c97-bea6-a46d0e13f8b4'),
 ('23', 'Asset', '1', '0', '2017-12-07 18:14:32', '2017-12-07 18:14:32', 'e9a9d497-931a-465c-ad03-bec30ee7640d'),
 ('24', 'Asset', '1', '0', '2017-12-07 18:14:33', '2017-12-07 18:14:33', 'a70a7e18-ff53-4c82-841f-c891a2d70d08'),
 ('25', 'Asset', '1', '0', '2017-12-07 18:14:33', '2017-12-07 18:14:33', '3f8b1867-fffc-4df4-8b8c-7469ca2305b7'),
 ('26', 'Asset', '1', '0', '2017-12-07 18:14:34', '2017-12-07 18:14:34', '35b92c39-4335-4851-9fab-854053658039'),
 ('27', 'Asset', '1', '0', '2017-12-07 18:14:35', '2017-12-07 18:14:35', '99c8e9ed-d0c4-475d-abda-871a333bb1ff'),
 ('28', 'Asset', '1', '0', '2017-12-07 18:14:38', '2017-12-07 18:14:38', '8576a860-20e0-4852-b811-02ed9d3c6df9');



DROP TABLE IF EXISTS `craft_elements_i18n`;


--
-- Schema for table `craft_elements_i18n`
--
CREATE TABLE `craft_elements_i18n` (
  `id` int(11) NOT NULL AUTO_INCREMENT,
  `elementId` int(11) NOT NULL,
  `locale` char(12) COLLATE utf8_unicode_ci NOT NULL,
  `slug` varchar(255) COLLATE utf8_unicode_ci DEFAULT NULL,
  `uri` varchar(255) COLLATE utf8_unicode_ci DEFAULT NULL,
  `enabled` tinyint(1) unsigned NOT NULL DEFAULT '1',
  `dateCreated` datetime NOT NULL,
  `dateUpdated` datetime NOT NULL,
  `uid` char(36) COLLATE utf8_unicode_ci NOT NULL DEFAULT '0',
  PRIMARY KEY (`id`),
  UNIQUE KEY `craft_elements_i18n_elementId_locale_unq_idx` (`elementId`,`locale`),
  UNIQUE KEY `craft_elements_i18n_uri_locale_unq_idx` (`uri`,`locale`),
  KEY `craft_elements_i18n_slug_locale_idx` (`slug`,`locale`),
  KEY `craft_elements_i18n_enabled_idx` (`enabled`),
  KEY `craft_elements_i18n_locale_fk` (`locale`)
) ENGINE=InnoDB AUTO_INCREMENT=29 DEFAULT CHARSET=utf8 COLLATE=utf8_unicode_ci;

--
-- Data for table `craft_elements_i18n`
--

INSERT INTO `craft_elements_i18n` (`id`, `elementId`, `locale`, `slug`, `uri`, `enabled`, `dateCreated`, `dateUpdated`, `uid`) VALUES
 ('1', '1', 'en_us', '', NULL, '1', '2017-11-15 23:24:22', '2017-11-15 23:24:22', '3e897189-bf4e-4548-864b-14e3317909a9'),
 ('2', '2', 'en_us', 'homepage', '__home__', '1', '2017-11-15 23:24:24', '2017-11-15 23:24:24', '204ff504-98d3-4fe3-9213-bdc0c7ae734e'),
 ('3', '3', 'en_us', 'we-just-installed-craft', 'news/2017/11/we-just-installed-craft', '1', '2017-11-15 23:24:24', '2017-12-06 16:44:17', '911ee368-d991-4fb9-950c-9017172244eb'),
 ('9', '9', 'en_us', 'dropbox-by-rapt-studios', 'inspiration/dropbox-by-rapt-studios', '1', '2017-12-07 18:09:45', '2017-12-07 18:21:03', '93ed2842-356e-4725-af3e-aa2e429d703c'),
 ('10', '10', 'en_us', 'dropbox-by-rapt-studio-001', NULL, '1', '2017-12-07 18:11:10', '2017-12-07 18:11:10', 'a8accc31-e528-4dc0-93ba-07720966d881'),
 ('11', '11', 'en_us', 'dropbox-by-rapt-studio-002', NULL, '1', '2017-12-07 18:11:12', '2017-12-07 18:11:12', '5829f9d2-a4cf-4bbe-8a39-f58f66b4f5a5'),
 ('12', '12', 'en_us', 'dropbox-by-rapt-studio-003', NULL, '1', '2017-12-07 18:11:13', '2017-12-07 18:11:13', '6b644ddd-4c7b-44a1-87dd-238035fcfcd1'),
 ('13', '13', 'en_us', 'dropbox-by-rapt-studio-004', NULL, '1', '2017-12-07 18:11:15', '2017-12-07 18:11:15', '37b0d87c-95e2-4b8d-bdbe-bd6c93cacac5'),
 ('14', '14', 'en_us', 'dropbox-by-rapt-studio-005', NULL, '1', '2017-12-07 18:11:16', '2017-12-07 18:12:35', '5129dc8a-0f04-47ca-ba86-7c20291300c9'),
 ('15', '15', 'en_us', 'dropbox-by-rapt-studio-006', NULL, '1', '2017-12-07 18:11:17', '2017-12-07 18:11:17', '1354eaa9-cc4b-48e1-a0e9-3ec34c967c9c'),
 ('16', '16', 'en_us', 'dropbox-by-rapt-studio-007', NULL, '1', '2017-12-07 18:11:18', '2017-12-07 18:11:18', '0536977d-b082-4f93-8f63-c075e261d2cf'),
 ('17', '17', 'en_us', 'dropbox-by-rapt-studio-008', NULL, '1', '2017-12-07 18:11:19', '2017-12-07 18:11:19', 'd5198004-b3a3-40d4-b4e6-e269c2d33fa3'),
 ('18', '18', 'en_us', 'dropbox-by-rapt-studio-009', NULL, '1', '2017-12-07 18:11:20', '2017-12-07 18:11:20', '908f87f6-1467-4f93-aa42-d0bd1776e6d2'),
 ('19', '19', 'en_us', 'dropbox-by-rapt-studio-010', NULL, '1', '2017-12-07 18:11:27', '2017-12-07 18:11:27', '54860c56-5531-4cf3-9f3f-a016c07248ad'),
 ('20', '20', 'en_us', 'dropbox-by-rapt-studio-001', NULL, '1', '2017-12-07 18:14:28', '2017-12-07 18:14:28', '48f27502-631d-4ae8-9344-c53946d5bcfa'),
 ('21', '21', 'en_us', 'dropbox-by-rapt-studio-002', NULL, '1', '2017-12-07 18:14:29', '2017-12-07 18:14:29', 'c436d0c7-a0a9-42ac-9650-5861be68e3c8'),
 ('22', '22', 'en_us', 'dropbox-by-rapt-studio-003', NULL, '1', '2017-12-07 18:14:30', '2017-12-07 18:14:30', '84076bd8-841b-4641-9dca-636c25bf0751'),
 ('23', '23', 'en_us', 'dropbox-by-rapt-studio-004', NULL, '1', '2017-12-07 18:14:32', '2017-12-07 18:14:32', '07eda75a-9440-4d25-80d9-54179d377602'),
 ('24', '24', 'en_us', 'dropbox-by-rapt-studio-006', NULL, '1', '2017-12-07 18:14:33', '2017-12-07 18:14:33', '364cb562-b679-4029-83b3-a4967f945ab2'),
 ('25', '25', 'en_us', 'dropbox-by-rapt-studio-007', NULL, '1', '2017-12-07 18:14:33', '2017-12-07 18:14:33', '1157175b-20c5-4bc5-8d99-aab656876952'),
 ('26', '26', 'en_us', 'dropbox-by-rapt-studio-008', NULL, '1', '2017-12-07 18:14:34', '2017-12-07 18:14:34', '23274f67-2bcb-4d83-8f7d-18e735e063ae'),
 ('27', '27', 'en_us', 'dropbox-by-rapt-studio-009', NULL, '1', '2017-12-07 18:14:35', '2017-12-07 18:14:35', '6f456217-ed71-49a3-85af-43c842b17460'),
 ('28', '28', 'en_us', 'dropbox-by-rapt-studio-010', NULL, '1', '2017-12-07 18:14:38', '2017-12-07 18:14:38', '1d5c47b1-ca02-43e3-9708-fa1a7ef6a5f6');



DROP TABLE IF EXISTS `craft_emailmessages`;


--
-- Schema for table `craft_emailmessages`
--
CREATE TABLE `craft_emailmessages` (
  `id` int(11) NOT NULL AUTO_INCREMENT,
  `key` char(150) COLLATE utf8_unicode_ci NOT NULL,
  `locale` char(12) COLLATE utf8_unicode_ci NOT NULL,
  `subject` varchar(1000) COLLATE utf8_unicode_ci NOT NULL,
  `body` text COLLATE utf8_unicode_ci NOT NULL,
  `dateCreated` datetime NOT NULL,
  `dateUpdated` datetime NOT NULL,
  `uid` char(36) COLLATE utf8_unicode_ci NOT NULL DEFAULT '0',
  PRIMARY KEY (`id`),
  UNIQUE KEY `craft_emailmessages_key_locale_unq_idx` (`key`,`locale`),
  KEY `craft_emailmessages_locale_fk` (`locale`)
) ENGINE=InnoDB DEFAULT CHARSET=utf8 COLLATE=utf8_unicode_ci;

DROP TABLE IF EXISTS `craft_entries`;


--
-- Schema for table `craft_entries`
--
CREATE TABLE `craft_entries` (
  `id` int(11) NOT NULL,
  `sectionId` int(11) NOT NULL,
  `typeId` int(11) DEFAULT NULL,
  `authorId` int(11) DEFAULT NULL,
  `postDate` datetime DEFAULT NULL,
  `expiryDate` datetime DEFAULT NULL,
  `dateCreated` datetime NOT NULL,
  `dateUpdated` datetime NOT NULL,
  `uid` char(36) COLLATE utf8_unicode_ci NOT NULL DEFAULT '0',
  PRIMARY KEY (`id`),
  KEY `craft_entries_sectionId_idx` (`sectionId`),
  KEY `craft_entries_typeId_idx` (`typeId`),
  KEY `craft_entries_postDate_idx` (`postDate`),
  KEY `craft_entries_expiryDate_idx` (`expiryDate`),
  KEY `craft_entries_authorId_fk` (`authorId`)
) ENGINE=InnoDB DEFAULT CHARSET=utf8 COLLATE=utf8_unicode_ci;

--
-- Data for table `craft_entries`
--

INSERT INTO `craft_entries` (`id`, `sectionId`, `typeId`, `authorId`, `postDate`, `expiryDate`, `dateCreated`, `dateUpdated`, `uid`) VALUES
 ('2', '1', NULL, NULL, '2017-11-15 23:24:24', NULL, '2017-11-15 23:24:24', '2017-11-15 23:24:24', '82e2d3ed-b4d1-4395-bd76-8c224410d8de'),
 ('3', '2', '2', '1', '2017-11-15 23:24:24', NULL, '2017-11-15 23:24:24', '2017-11-15 23:24:24', '88726aab-263e-4c1b-83d2-fad46fa1812c'),
 ('9', '4', '4', '1', NULL, NULL, '2017-12-07 18:09:45', '2017-12-07 18:21:03', '08140ceb-9d0a-41d3-9c95-a07db73c89fe');



DROP TABLE IF EXISTS `craft_entrydrafts`;


--
-- Schema for table `craft_entrydrafts`
--
CREATE TABLE `craft_entrydrafts` (
  `id` int(11) NOT NULL AUTO_INCREMENT,
  `entryId` int(11) NOT NULL,
  `sectionId` int(11) NOT NULL,
  `creatorId` int(11) NOT NULL,
  `locale` char(12) COLLATE utf8_unicode_ci NOT NULL,
  `name` varchar(255) COLLATE utf8_unicode_ci NOT NULL,
  `notes` tinytext COLLATE utf8_unicode_ci,
  `data` mediumtext COLLATE utf8_unicode_ci NOT NULL,
  `dateCreated` datetime NOT NULL,
  `dateUpdated` datetime NOT NULL,
  `uid` char(36) COLLATE utf8_unicode_ci NOT NULL DEFAULT '0',
  PRIMARY KEY (`id`),
  KEY `craft_entrydrafts_entryId_locale_idx` (`entryId`,`locale`),
  KEY `craft_entrydrafts_sectionId_fk` (`sectionId`),
  KEY `craft_entrydrafts_creatorId_fk` (`creatorId`),
  KEY `craft_entrydrafts_locale_fk` (`locale`)
) ENGINE=InnoDB DEFAULT CHARSET=utf8 COLLATE=utf8_unicode_ci;

DROP TABLE IF EXISTS `craft_entrytypes`;


--
-- Schema for table `craft_entrytypes`
--
CREATE TABLE `craft_entrytypes` (
  `id` int(11) NOT NULL AUTO_INCREMENT,
  `sectionId` int(11) NOT NULL,
  `fieldLayoutId` int(11) DEFAULT NULL,
  `name` varchar(255) COLLATE utf8_unicode_ci NOT NULL,
  `handle` varchar(255) COLLATE utf8_unicode_ci NOT NULL,
  `hasTitleField` tinyint(1) unsigned NOT NULL DEFAULT '1',
  `titleLabel` varchar(255) COLLATE utf8_unicode_ci DEFAULT 'Title',
  `titleFormat` varchar(255) COLLATE utf8_unicode_ci DEFAULT NULL,
  `sortOrder` smallint(6) unsigned DEFAULT NULL,
  `dateCreated` datetime NOT NULL,
  `dateUpdated` datetime NOT NULL,
  `uid` char(36) COLLATE utf8_unicode_ci NOT NULL DEFAULT '0',
  PRIMARY KEY (`id`),
  UNIQUE KEY `craft_entrytypes_name_sectionId_unq_idx` (`name`,`sectionId`),
  UNIQUE KEY `craft_entrytypes_handle_sectionId_unq_idx` (`handle`,`sectionId`),
  KEY `craft_entrytypes_sectionId_fk` (`sectionId`),
  KEY `craft_entrytypes_fieldLayoutId_fk` (`fieldLayoutId`)
) ENGINE=InnoDB AUTO_INCREMENT=8 DEFAULT CHARSET=utf8 COLLATE=utf8_unicode_ci;

--
-- Data for table `craft_entrytypes`
--

INSERT INTO `craft_entrytypes` (`id`, `sectionId`, `fieldLayoutId`, `name`, `handle`, `hasTitleField`, `titleLabel`, `titleFormat`, `sortOrder`, `dateCreated`, `dateUpdated`, `uid`) VALUES
 ('1', '1', '3', 'Homepage', 'homepage', '1', 'Title', NULL, '1', '2017-11-15 23:24:24', '2017-11-15 23:24:24', '8d741b70-39a8-4ad5-90aa-9010dd4e05f2'),
 ('2', '2', '5', 'News', 'news', '1', 'Title', NULL, '1', '2017-11-15 23:24:24', '2017-11-15 23:24:24', 'a1d8988c-f28b-4003-bf90-527101dd13f2'),
 ('3', '3', '7', 'Workspaces', 'workspaces', '1', 'Title', NULL, '1', '2017-12-04 03:23:18', '2017-12-05 13:32:41', '8708d9c9-2bbe-4861-9da4-73a253cd67ea'),
 ('4', '4', '15', 'Inspiration', 'inspiration', '1', 'Title', NULL, '1', '2017-12-06 16:41:06', '2017-12-07 18:16:34', '5fc8d736-f8ed-4caf-a8aa-b34f2a74d4ea'),
 ('5', '5', '10', 'Showcase', 'showcase', '1', 'Title', NULL, '1', '2017-12-06 16:42:00', '2017-12-06 16:42:00', 'c3a71fe3-4fc8-4b08-bf1e-39c324afeef9'),
 ('6', '6', '11', 'Guide', 'guide', '1', 'Title', NULL, '1', '2017-12-06 16:42:22', '2017-12-06 16:42:22', 'd94ed1d5-765a-4db2-8790-6f663ef5db92'),
 ('7', '7', '12', 'Review', 'review', '1', 'Title', NULL, '1', '2017-12-06 16:42:32', '2017-12-06 16:42:32', 'b1acef83-417f-49d1-9a73-1bb6a723519a');



DROP TABLE IF EXISTS `craft_entryversions`;


--
-- Schema for table `craft_entryversions`
--
CREATE TABLE `craft_entryversions` (
  `id` int(11) NOT NULL AUTO_INCREMENT,
  `entryId` int(11) NOT NULL,
  `sectionId` int(11) NOT NULL,
  `creatorId` int(11) DEFAULT NULL,
  `locale` char(12) COLLATE utf8_unicode_ci NOT NULL,
  `num` smallint(6) unsigned NOT NULL,
  `notes` tinytext COLLATE utf8_unicode_ci,
  `data` mediumtext COLLATE utf8_unicode_ci NOT NULL,
  `dateCreated` datetime NOT NULL,
  `dateUpdated` datetime NOT NULL,
  `uid` char(36) COLLATE utf8_unicode_ci NOT NULL DEFAULT '0',
  PRIMARY KEY (`id`),
  KEY `craft_entryversions_entryId_locale_idx` (`entryId`,`locale`),
  KEY `craft_entryversions_sectionId_fk` (`sectionId`),
  KEY `craft_entryversions_creatorId_fk` (`creatorId`),
  KEY `craft_entryversions_locale_fk` (`locale`)
) ENGINE=InnoDB AUTO_INCREMENT=14 DEFAULT CHARSET=utf8 COLLATE=utf8_unicode_ci;

--
-- Data for table `craft_entryversions`
--

INSERT INTO `craft_entryversions` (`id`, `entryId`, `sectionId`, `creatorId`, `locale`, `num`, `notes`, `data`, `dateCreated`, `dateUpdated`, `uid`) VALUES
 ('1', '2', '1', '1', 'en_us', '1', NULL, '{\"typeId\":\"1\",\"authorId\":null,\"title\":\"Homepage\",\"slug\":\"homepage\",\"postDate\":1510788264,\"expiryDate\":null,\"enabled\":1,\"parentId\":null,\"fields\":[]}', '2017-11-15 23:24:24', '2017-11-15 23:24:24', 'e8e7bdff-c8d2-49ad-a671-da6d4acbc673'),
 ('2', '2', '1', '1', 'en_us', '2', NULL, '{\"typeId\":null,\"authorId\":null,\"title\":\"Welcome to Stealthisspace.com!\",\"slug\":\"homepage\",\"postDate\":1510788264,\"expiryDate\":null,\"enabled\":\"1\",\"parentId\":null,\"fields\":{\"1\":\"<p>It\\u2019s true, this site doesn\\u2019t have a whole lot of content yet, but don\\u2019t worry. Our web developers have just installed the CMS, and they\\u2019re setting things up for the content editors this very moment. Soon Stealthisspace.com will be an oasis of fresh perspectives, sharp analyses, and astute opinions that will keep you coming back again and again.<\\/p>\"}}', '2017-11-15 23:24:24', '2017-11-15 23:24:24', 'bdab1387-8211-4dd4-8c17-4f3dbd8b780a'),
 ('3', '3', '2', '1', 'en_us', '1', NULL, '{\"typeId\":\"2\",\"authorId\":\"1\",\"title\":\"We just installed Craft!\",\"slug\":\"we-just-installed-craft\",\"postDate\":1510788264,\"expiryDate\":null,\"enabled\":1,\"parentId\":null,\"fields\":[]}', '2017-11-15 23:24:24', '2017-11-15 23:24:24', '6613e6f6-ef48-43c1-82a8-182f166bc5a3'),
 ('10', '9', '4', '1', 'en_us', '1', '', '{\"typeId\":null,\"authorId\":\"1\",\"title\":\"Dropbox by Rapt Studios\",\"slug\":\"dropbox-by-rapt-studios\",\"postDate\":null,\"expiryDate\":null,\"enabled\":0,\"parentId\":null,\"fields\":{\"4\":\"\"}}', '2017-12-07 18:09:45', '2017-12-07 18:09:45', 'c686def9-75e3-4981-bbc4-a562475968aa'),
 ('11', '9', '4', '1', 'en_us', '2', '', '{\"typeId\":\"4\",\"authorId\":\"1\",\"title\":\"Dropbox by Rapt Studios\",\"slug\":\"dropbox-by-rapt-studios\",\"postDate\":null,\"expiryDate\":null,\"enabled\":0,\"parentId\":null,\"fields\":{\"4\":[\"14\"]}}', '2017-12-07 18:12:35', '2017-12-07 18:12:35', '1dfff1f3-fb0f-44ce-80a7-a8b8673e2585'),
 ('12', '9', '4', '1', 'en_us', '3', '', '{\"typeId\":\"4\",\"authorId\":\"1\",\"title\":\"Dropbox by Rapt Studios\",\"slug\":\"dropbox-by-rapt-studios\",\"postDate\":null,\"expiryDate\":null,\"enabled\":0,\"parentId\":null,\"fields\":{\"4\":[\"14\"],\"5\":[\"20\",\"21\",\"22\",\"23\",\"24\",\"25\",\"26\",\"27\",\"28\"]}}', '2017-12-07 18:15:12', '2017-12-07 18:15:12', '8ac1782a-6de8-48a7-b0fb-c7566f36cc45'),
 ('13', '9', '4', '1', 'en_us', '4', '', '{\"typeId\":\"4\",\"authorId\":\"1\",\"title\":\"Dropbox by Rapt Studios\",\"slug\":\"dropbox-by-rapt-studios\",\"postDate\":null,\"expiryDate\":null,\"enabled\":0,\"parentId\":null,\"fields\":{\"4\":[\"14\"],\"5\":[\"20\",\"21\",\"22\",\"23\",\"24\",\"25\",\"26\",\"27\",\"28\"],\"6\":\"<p>Rapt Studios created a beautiful space for Dropbox\'s employees to work in, which enhances the sense of community within the workplace. The design has won 4 awards. You can read their case study and view more images&nbsp;<a href=\\\"https:\\/\\/raptstudio.com\\/work\\/dropbox\\/\\\" target=\\\"_blank\\\">here<\\/a>.<\\/p>\\r\\n\"}}', '2017-12-07 18:21:03', '2017-12-07 18:21:03', '4b1c464e-3e41-4049-b35b-8881714b3893');



DROP TABLE IF EXISTS `craft_fieldgroups`;


--
-- Schema for table `craft_fieldgroups`
--
CREATE TABLE `craft_fieldgroups` (
  `id` int(11) NOT NULL AUTO_INCREMENT,
  `name` varchar(255) COLLATE utf8_unicode_ci NOT NULL,
  `dateCreated` datetime NOT NULL,
  `dateUpdated` datetime NOT NULL,
  `uid` char(36) COLLATE utf8_unicode_ci NOT NULL DEFAULT '0',
  PRIMARY KEY (`id`),
  UNIQUE KEY `craft_fieldgroups_name_unq_idx` (`name`)
) ENGINE=InnoDB AUTO_INCREMENT=4 DEFAULT CHARSET=utf8 COLLATE=utf8_unicode_ci;

--
-- Data for table `craft_fieldgroups`
--

INSERT INTO `craft_fieldgroups` (`id`, `name`, `dateCreated`, `dateUpdated`, `uid`) VALUES
 ('1', 'Default', '2017-11-15 23:24:24', '2017-11-15 23:24:24', '247636af-9e6a-4673-ac20-d250d60c772d'),
 ('3', 'Inspiration', '2017-12-07 18:15:31', '2017-12-07 18:15:31', '23e752f4-c86c-4d84-9aab-931df26a4b9e');



DROP TABLE IF EXISTS `craft_fieldlayoutfields`;


--
-- Schema for table `craft_fieldlayoutfields`
--
CREATE TABLE `craft_fieldlayoutfields` (
  `id` int(11) NOT NULL AUTO_INCREMENT,
  `layoutId` int(11) NOT NULL,
  `tabId` int(11) NOT NULL,
  `fieldId` int(11) NOT NULL,
  `required` tinyint(1) unsigned NOT NULL DEFAULT '0',
  `sortOrder` smallint(6) unsigned DEFAULT NULL,
  `dateCreated` datetime NOT NULL,
  `dateUpdated` datetime NOT NULL,
  `uid` char(36) COLLATE utf8_unicode_ci NOT NULL DEFAULT '0',
  PRIMARY KEY (`id`),
  UNIQUE KEY `craft_fieldlayoutfields_layoutId_fieldId_unq_idx` (`layoutId`,`fieldId`),
  KEY `craft_fieldlayoutfields_sortOrder_idx` (`sortOrder`),
  KEY `craft_fieldlayoutfields_tabId_fk` (`tabId`),
  KEY `craft_fieldlayoutfields_fieldId_fk` (`fieldId`)
) ENGINE=InnoDB AUTO_INCREMENT=11 DEFAULT CHARSET=utf8 COLLATE=utf8_unicode_ci;

--
-- Data for table `craft_fieldlayoutfields`
--

INSERT INTO `craft_fieldlayoutfields` (`id`, `layoutId`, `tabId`, `fieldId`, `required`, `sortOrder`, `dateCreated`, `dateUpdated`, `uid`) VALUES
 ('1', '3', '1', '1', '1', '1', '2017-11-15 23:24:24', '2017-11-15 23:24:24', '63df7ac1-6174-472c-acf5-6f0cd405b124'),
 ('2', '5', '2', '1', '1', '1', '2017-11-15 23:24:24', '2017-11-15 23:24:24', '1bbe00fc-b865-4c70-b46c-27ca9ce4146b'),
 ('3', '5', '2', '2', '0', '2', '2017-11-15 23:24:24', '2017-11-15 23:24:24', '50fab1a4-f4ee-4a4b-93e9-2f4a4cddfd02'),
 ('8', '15', '6', '4', '0', '1', '2017-12-07 18:16:34', '2017-12-07 18:16:34', '30d5fd20-7762-4f2c-9212-762abb2cf317'),
 ('9', '15', '6', '5', '0', '2', '2017-12-07 18:16:34', '2017-12-07 18:16:34', '1191f676-bb29-4eb9-bb33-567b980ac2fe'),
 ('10', '15', '6', '6', '0', '3', '2017-12-07 18:16:34', '2017-12-07 18:16:34', '762f89cc-4205-46f2-85de-0f0959dc0ac8');



DROP TABLE IF EXISTS `craft_fieldlayouts`;


--
-- Schema for table `craft_fieldlayouts`
--
CREATE TABLE `craft_fieldlayouts` (
  `id` int(11) NOT NULL AUTO_INCREMENT,
  `type` varchar(150) COLLATE utf8_unicode_ci NOT NULL,
  `dateCreated` datetime NOT NULL,
  `dateUpdated` datetime NOT NULL,
  `uid` char(36) COLLATE utf8_unicode_ci NOT NULL DEFAULT '0',
  PRIMARY KEY (`id`),
  KEY `craft_fieldlayouts_type_idx` (`type`)
) ENGINE=InnoDB AUTO_INCREMENT=16 DEFAULT CHARSET=utf8 COLLATE=utf8_unicode_ci;

--
-- Data for table `craft_fieldlayouts`
--

INSERT INTO `craft_fieldlayouts` (`id`, `type`, `dateCreated`, `dateUpdated`, `uid`) VALUES
 ('1', 'Tag', '2017-11-15 23:24:24', '2017-11-15 23:24:24', '98e6cf6c-5188-4f4c-a24d-bd2c438d298a'),
 ('3', 'Entry', '2017-11-15 23:24:24', '2017-11-15 23:24:24', 'd3b54d67-a351-40fe-8a1d-e6bb77c7e0e8'),
 ('5', 'Entry', '2017-11-15 23:24:24', '2017-11-15 23:24:24', '96320e80-7ec7-48a4-97e0-a360f4d2d8ae'),
 ('7', 'Entry', '2017-12-05 13:32:41', '2017-12-05 13:32:41', '6e6747fa-45c2-4273-9bb8-9efe87ff9cb7'),
 ('8', 'Asset', '2017-12-05 13:44:14', '2017-12-05 13:44:14', '27a143af-add8-42d0-9e71-242d1131b1c3'),
 ('10', 'Entry', '2017-12-06 16:42:00', '2017-12-06 16:42:00', '0f4fc78e-b61b-4805-8e78-9abfafa90b65'),
 ('11', 'Entry', '2017-12-06 16:42:22', '2017-12-06 16:42:22', '80906d33-96bb-4cbe-9d59-63da918a9652'),
 ('12', 'Entry', '2017-12-06 16:42:32', '2017-12-06 16:42:32', '6c8c7cf9-9efb-4962-80ac-fc7678fab90a'),
 ('15', 'Entry', '2017-12-07 18:16:34', '2017-12-07 18:16:34', 'b51b8342-4ffc-44d5-9494-19d7b5de0412');



DROP TABLE IF EXISTS `craft_fieldlayouttabs`;


--
-- Schema for table `craft_fieldlayouttabs`
--
CREATE TABLE `craft_fieldlayouttabs` (
  `id` int(11) NOT NULL AUTO_INCREMENT,
  `layoutId` int(11) NOT NULL,
  `name` varchar(255) COLLATE utf8_unicode_ci NOT NULL,
  `sortOrder` smallint(6) unsigned DEFAULT NULL,
  `dateCreated` datetime NOT NULL,
  `dateUpdated` datetime NOT NULL,
  `uid` char(36) COLLATE utf8_unicode_ci NOT NULL DEFAULT '0',
  PRIMARY KEY (`id`),
  KEY `craft_fieldlayouttabs_sortOrder_idx` (`sortOrder`),
  KEY `craft_fieldlayouttabs_layoutId_fk` (`layoutId`)
) ENGINE=InnoDB AUTO_INCREMENT=7 DEFAULT CHARSET=utf8 COLLATE=utf8_unicode_ci;

--
-- Data for table `craft_fieldlayouttabs`
--

INSERT INTO `craft_fieldlayouttabs` (`id`, `layoutId`, `name`, `sortOrder`, `dateCreated`, `dateUpdated`, `uid`) VALUES
 ('1', '3', 'Content', '1', '2017-11-15 23:24:24', '2017-11-15 23:24:24', '30da6b14-7f4b-42dc-b523-5e3becd0b4f9'),
 ('2', '5', 'Content', '1', '2017-11-15 23:24:24', '2017-11-15 23:24:24', '3108e8de-a041-4cc1-bf0c-42d43b0de03b'),
 ('3', '7', 'Workspace Overview', '1', '2017-12-05 13:32:41', '2017-12-05 13:32:41', 'ef363f06-7183-4b46-93eb-2dc66aa57c45'),
 ('6', '15', 'Tab 1', '1', '2017-12-07 18:16:34', '2017-12-07 18:16:34', '8dd167b1-3472-4900-a70d-5695cb573b61');



DROP TABLE IF EXISTS `craft_fields`;


--
-- Schema for table `craft_fields`
--
CREATE TABLE `craft_fields` (
  `id` int(11) NOT NULL AUTO_INCREMENT,
  `groupId` int(11) DEFAULT NULL,
  `name` varchar(255) COLLATE utf8_unicode_ci NOT NULL,
  `handle` varchar(58) COLLATE utf8_unicode_ci NOT NULL,
  `context` varchar(255) COLLATE utf8_unicode_ci NOT NULL DEFAULT 'global',
  `instructions` text COLLATE utf8_unicode_ci,
  `translatable` tinyint(1) unsigned NOT NULL DEFAULT '0',
  `type` varchar(150) COLLATE utf8_unicode_ci NOT NULL,
  `settings` text COLLATE utf8_unicode_ci,
  `dateCreated` datetime NOT NULL,
  `dateUpdated` datetime NOT NULL,
  `uid` char(36) COLLATE utf8_unicode_ci NOT NULL DEFAULT '0',
  PRIMARY KEY (`id`),
  UNIQUE KEY `craft_fields_handle_context_unq_idx` (`handle`,`context`),
  KEY `craft_fields_context_idx` (`context`),
  KEY `craft_fields_groupId_fk` (`groupId`)
) ENGINE=InnoDB AUTO_INCREMENT=7 DEFAULT CHARSET=utf8 COLLATE=utf8_unicode_ci;

--
-- Data for table `craft_fields`
--

INSERT INTO `craft_fields` (`id`, `groupId`, `name`, `handle`, `context`, `instructions`, `translatable`, `type`, `settings`, `dateCreated`, `dateUpdated`, `uid`) VALUES
 ('1', '1', 'Body', 'body', 'global', NULL, '1', 'RichText', '{\"configFile\":\"Standard.json\",\"columnType\":\"text\"}', '2017-11-15 23:24:24', '2017-11-15 23:24:24', '96349529-06b8-4e61-bdfb-035667eb84f2'),
 ('2', '1', 'Tags', 'tags', 'global', NULL, '0', 'Tags', '{\"source\":\"taggroup:1\"}', '2017-11-15 23:24:24', '2017-11-15 23:24:24', '3b0a21b2-ea46-4054-8d66-556b98757d59'),
 ('4', '1', 'Hero Image', 'heroImage', 'global', '', '0', 'Assets', '{\"useSingleFolder\":\"1\",\"sources\":\"*\",\"defaultUploadLocationSource\":\"1\",\"defaultUploadLocationSubpath\":\"\",\"singleUploadLocationSource\":\"1\",\"singleUploadLocationSubpath\":\"{slug}\",\"restrictFiles\":\"\",\"limit\":\"1\",\"viewMode\":\"large\",\"selectionLabel\":\"\"}', '2017-12-07 18:08:55', '2017-12-07 18:08:55', '8df07403-7a31-4b58-a1b3-4b5ee0d70c35'),
 ('5', '1', 'Image Slider', 'imageSlider', 'global', '', '0', 'Assets', '{\"useSingleFolder\":\"1\",\"sources\":\"*\",\"defaultUploadLocationSource\":\"1\",\"defaultUploadLocationSubpath\":\"\",\"singleUploadLocationSource\":\"1\",\"singleUploadLocationSubpath\":\"{slug}\",\"restrictFiles\":\"\",\"limit\":\"\",\"viewMode\":\"large\",\"selectionLabel\":\"\"}', '2017-12-07 18:13:39', '2017-12-07 18:13:39', 'a72b8e12-fbbe-487a-ad2d-2df142629b46'),
 ('6', '3', 'Inspiration Summary', 'inspirationSummary', 'global', '', '0', 'RichText', '{\"configFile\":\"Standard.json\",\"availableAssetSources\":\"*\",\"availableTransforms\":\"*\",\"cleanupHtml\":\"1\",\"purifyHtml\":\"\",\"purifierConfig\":\"\",\"columnType\":\"text\"}', '2017-12-07 18:16:20', '2017-12-07 18:16:20', 'dce0b696-abe2-4b77-b82d-0db82168b6e1');



DROP TABLE IF EXISTS `craft_globalsets`;


--
-- Schema for table `craft_globalsets`
--
CREATE TABLE `craft_globalsets` (
  `id` int(11) NOT NULL,
  `name` varchar(255) COLLATE utf8_unicode_ci NOT NULL,
  `handle` varchar(255) COLLATE utf8_unicode_ci NOT NULL,
  `fieldLayoutId` int(10) DEFAULT NULL,
  `dateCreated` datetime NOT NULL,
  `dateUpdated` datetime NOT NULL,
  `uid` char(36) COLLATE utf8_unicode_ci NOT NULL DEFAULT '0',
  PRIMARY KEY (`id`),
  UNIQUE KEY `craft_globalsets_name_unq_idx` (`name`),
  UNIQUE KEY `craft_globalsets_handle_unq_idx` (`handle`),
  KEY `craft_globalsets_fieldLayoutId_fk` (`fieldLayoutId`)
) ENGINE=InnoDB DEFAULT CHARSET=utf8 COLLATE=utf8_unicode_ci;

DROP TABLE IF EXISTS `craft_info`;


--
-- Schema for table `craft_info`
--
CREATE TABLE `craft_info` (
  `id` int(11) NOT NULL AUTO_INCREMENT,
  `version` varchar(50) COLLATE utf8_unicode_ci NOT NULL,
  `schemaVersion` varchar(15) COLLATE utf8_unicode_ci NOT NULL,
  `edition` tinyint(1) unsigned NOT NULL DEFAULT '0',
  `siteName` varchar(100) COLLATE utf8_unicode_ci NOT NULL,
  `siteUrl` varchar(255) COLLATE utf8_unicode_ci NOT NULL,
  `timezone` varchar(30) COLLATE utf8_unicode_ci DEFAULT NULL,
  `on` tinyint(1) unsigned NOT NULL DEFAULT '0',
  `maintenance` tinyint(1) unsigned NOT NULL DEFAULT '0',
  `dateCreated` datetime NOT NULL,
  `dateUpdated` datetime NOT NULL,
  `uid` char(36) COLLATE utf8_unicode_ci NOT NULL DEFAULT '0',
  PRIMARY KEY (`id`)
) ENGINE=InnoDB AUTO_INCREMENT=2 DEFAULT CHARSET=utf8 COLLATE=utf8_unicode_ci;

--
-- Data for table `craft_info`
--

INSERT INTO `craft_info` (`id`, `version`, `schemaVersion`, `edition`, `siteName`, `siteUrl`, `timezone`, `on`, `maintenance`, `dateCreated`, `dateUpdated`, `uid`) VALUES
 ('1', '2.6.2999', '2.6.12', '0', 'Steal This Space', 'http://stealthisspace.com', 'UTC', '1', '1', '2017-11-15 23:24:22', '2017-12-10 15:44:48', '6f55c24e-17eb-4a53-b211-2ed2593840a2');



DROP TABLE IF EXISTS `craft_locales`;


--
-- Schema for table `craft_locales`
--
CREATE TABLE `craft_locales` (
  `locale` char(12) COLLATE utf8_unicode_ci NOT NULL,
  `sortOrder` smallint(6) unsigned DEFAULT NULL,
  `dateCreated` datetime NOT NULL,
  `dateUpdated` datetime NOT NULL,
  `uid` char(36) COLLATE utf8_unicode_ci NOT NULL DEFAULT '0',
  PRIMARY KEY (`locale`),
  KEY `craft_locales_sortOrder_idx` (`sortOrder`)
) ENGINE=InnoDB DEFAULT CHARSET=utf8 COLLATE=utf8_unicode_ci;

--
-- Data for table `craft_locales`
--

INSERT INTO `craft_locales` (`locale`, `sortOrder`, `dateCreated`, `dateUpdated`, `uid`) VALUES
 ('en_us', '1', '2017-11-15 23:24:22', '2017-11-15 23:24:22', 'dffa24db-21c5-4f58-9a32-8ee1eba8ca73');



DROP TABLE IF EXISTS `craft_matrixblocks`;


--
-- Schema for table `craft_matrixblocks`
--
CREATE TABLE `craft_matrixblocks` (
  `id` int(11) NOT NULL,
  `ownerId` int(11) NOT NULL,
  `fieldId` int(11) NOT NULL,
  `typeId` int(11) DEFAULT NULL,
  `sortOrder` smallint(6) unsigned DEFAULT NULL,
  `ownerLocale` char(12) COLLATE utf8_unicode_ci DEFAULT NULL,
  `dateCreated` datetime NOT NULL,
  `dateUpdated` datetime NOT NULL,
  `uid` char(36) COLLATE utf8_unicode_ci NOT NULL DEFAULT '0',
  PRIMARY KEY (`id`),
  KEY `craft_matrixblocks_ownerId_idx` (`ownerId`),
  KEY `craft_matrixblocks_fieldId_idx` (`fieldId`),
  KEY `craft_matrixblocks_typeId_idx` (`typeId`),
  KEY `craft_matrixblocks_sortOrder_idx` (`sortOrder`),
  KEY `craft_matrixblocks_ownerLocale_fk` (`ownerLocale`)
) ENGINE=InnoDB DEFAULT CHARSET=utf8 COLLATE=utf8_unicode_ci;

DROP TABLE IF EXISTS `craft_matrixblocktypes`;


--
-- Schema for table `craft_matrixblocktypes`
--
CREATE TABLE `craft_matrixblocktypes` (
  `id` int(11) NOT NULL AUTO_INCREMENT,
  `fieldId` int(11) NOT NULL,
  `fieldLayoutId` int(11) DEFAULT NULL,
  `name` varchar(255) COLLATE utf8_unicode_ci NOT NULL,
  `handle` varchar(255) COLLATE utf8_unicode_ci NOT NULL,
  `sortOrder` smallint(6) unsigned DEFAULT NULL,
  `dateCreated` datetime NOT NULL,
  `dateUpdated` datetime NOT NULL,
  `uid` char(36) COLLATE utf8_unicode_ci NOT NULL DEFAULT '0',
  PRIMARY KEY (`id`),
  UNIQUE KEY `craft_matrixblocktypes_name_fieldId_unq_idx` (`name`,`fieldId`),
  UNIQUE KEY `craft_matrixblocktypes_handle_fieldId_unq_idx` (`handle`,`fieldId`),
  KEY `craft_matrixblocktypes_fieldId_fk` (`fieldId`),
  KEY `craft_matrixblocktypes_fieldLayoutId_fk` (`fieldLayoutId`)
) ENGINE=InnoDB DEFAULT CHARSET=utf8 COLLATE=utf8_unicode_ci;

DROP TABLE IF EXISTS `craft_migrations`;


--
-- Schema for table `craft_migrations`
--
CREATE TABLE `craft_migrations` (
  `id` int(11) NOT NULL AUTO_INCREMENT,
  `pluginId` int(11) DEFAULT NULL,
  `version` varchar(255) COLLATE utf8_unicode_ci NOT NULL,
  `applyTime` datetime NOT NULL,
  `dateCreated` datetime NOT NULL,
  `dateUpdated` datetime NOT NULL,
  `uid` char(36) COLLATE utf8_unicode_ci NOT NULL DEFAULT '0',
  PRIMARY KEY (`id`),
  UNIQUE KEY `craft_migrations_version_unq_idx` (`version`),
  KEY `craft_migrations_pluginId_fk` (`pluginId`)
) ENGINE=InnoDB AUTO_INCREMENT=42 DEFAULT CHARSET=utf8 COLLATE=utf8_unicode_ci;

--
-- Data for table `craft_migrations`
--

INSERT INTO `craft_migrations` (`id`, `pluginId`, `version`, `applyTime`, `dateCreated`, `dateUpdated`, `uid`) VALUES
 ('1', NULL, 'm000000_000000_base', '2017-11-15 23:24:22', '2017-11-15 23:24:22', '2017-11-15 23:24:22', '8de90ed6-1e12-4954-8a54-87fc4a4eb85e'),
 ('2', NULL, 'm140730_000001_add_filename_and_format_to_transformindex', '2017-11-15 23:24:22', '2017-11-15 23:24:22', '2017-11-15 23:24:22', 'd7ea5cfa-5f7f-45fb-b810-1032be9a149f'),
 ('3', NULL, 'm140815_000001_add_format_to_transforms', '2017-11-15 23:24:22', '2017-11-15 23:24:22', '2017-11-15 23:24:22', '209f7ebf-a226-4ee1-9f00-f0070a2078b7'),
 ('4', NULL, 'm140822_000001_allow_more_than_128_items_per_field', '2017-11-15 23:24:22', '2017-11-15 23:24:22', '2017-11-15 23:24:22', 'cbd1de4d-bf0a-4892-9b53-52b780c90115'),
 ('5', NULL, 'm140829_000001_single_title_formats', '2017-11-15 23:24:22', '2017-11-15 23:24:22', '2017-11-15 23:24:22', 'f8aa1d00-e5e4-444d-aac6-c2fda284fa8f'),
 ('6', NULL, 'm140831_000001_extended_cache_keys', '2017-11-15 23:24:22', '2017-11-15 23:24:22', '2017-11-15 23:24:22', 'b814d6d0-b6b4-4e6e-871d-b0b0b33107f8'),
 ('7', NULL, 'm140922_000001_delete_orphaned_matrix_blocks', '2017-11-15 23:24:22', '2017-11-15 23:24:22', '2017-11-15 23:24:22', 'ea091607-da96-4395-bb59-a2a4bdd77126'),
 ('8', NULL, 'm141008_000001_elements_index_tune', '2017-11-15 23:24:22', '2017-11-15 23:24:22', '2017-11-15 23:24:22', '498ade65-7279-4238-8652-04c9410ac70d'),
 ('9', NULL, 'm141009_000001_assets_source_handle', '2017-11-15 23:24:22', '2017-11-15 23:24:22', '2017-11-15 23:24:22', 'be831f18-c481-4231-978c-e219a6280755'),
 ('10', NULL, 'm141024_000001_field_layout_tabs', '2017-11-15 23:24:22', '2017-11-15 23:24:22', '2017-11-15 23:24:22', '703bb7ed-c5cf-429b-ac3d-80f679c38168'),
 ('11', NULL, 'm141030_000000_plugin_schema_versions', '2017-11-15 23:24:22', '2017-11-15 23:24:22', '2017-11-15 23:24:22', 'ab929344-512d-4114-8398-b17b82858d2f'),
 ('12', NULL, 'm141030_000001_drop_structure_move_permission', '2017-11-15 23:24:22', '2017-11-15 23:24:22', '2017-11-15 23:24:22', '9bfe0c03-b044-4a12-8f1f-50cf7d044380'),
 ('13', NULL, 'm141103_000001_tag_titles', '2017-11-15 23:24:22', '2017-11-15 23:24:22', '2017-11-15 23:24:22', 'fe80ad1f-523c-4214-aa9b-0d7d03ab6f7b'),
 ('14', NULL, 'm141109_000001_user_status_shuffle', '2017-11-15 23:24:22', '2017-11-15 23:24:22', '2017-11-15 23:24:22', '112cd1b2-d47d-40a5-bf7b-0e634a323038'),
 ('15', NULL, 'm141126_000001_user_week_start_day', '2017-11-15 23:24:22', '2017-11-15 23:24:22', '2017-11-15 23:24:22', '276e2ddb-c935-4585-91ef-c6c05a00e706'),
 ('16', NULL, 'm150210_000001_adjust_user_photo_size', '2017-11-15 23:24:22', '2017-11-15 23:24:22', '2017-11-15 23:24:22', '8387fc2f-d4af-4fdc-8678-699585e7b3cc'),
 ('17', NULL, 'm150724_000001_adjust_quality_settings', '2017-11-15 23:24:22', '2017-11-15 23:24:22', '2017-11-15 23:24:22', '4a4cbb41-41eb-4b36-bc08-71931a591feb'),
 ('18', NULL, 'm150827_000000_element_index_settings', '2017-11-15 23:24:22', '2017-11-15 23:24:22', '2017-11-15 23:24:22', '99f34032-df00-4411-89e1-c722edcb446f'),
 ('19', NULL, 'm150918_000001_add_colspan_to_widgets', '2017-11-15 23:24:22', '2017-11-15 23:24:22', '2017-11-15 23:24:22', '1db90049-d133-4df4-87d2-d1de615ed86c'),
 ('20', NULL, 'm151007_000000_clear_asset_caches', '2017-11-15 23:24:22', '2017-11-15 23:24:22', '2017-11-15 23:24:22', 'c79f47b4-28ce-405b-b891-a43f1edfe698'),
 ('21', NULL, 'm151109_000000_text_url_formats', '2017-11-15 23:24:22', '2017-11-15 23:24:22', '2017-11-15 23:24:22', '98f1383f-eb27-413b-991f-6413b835da0d'),
 ('22', NULL, 'm151110_000000_move_logo', '2017-11-15 23:24:22', '2017-11-15 23:24:22', '2017-11-15 23:24:22', 'd5ac6b14-068e-43d9-ac74-1845015de388'),
 ('23', NULL, 'm151117_000000_adjust_image_widthheight', '2017-11-15 23:24:22', '2017-11-15 23:24:22', '2017-11-15 23:24:22', '576d6a5f-572b-4bf3-92e1-c0a16a3ca431'),
 ('24', NULL, 'm151127_000000_clear_license_key_status', '2017-11-15 23:24:22', '2017-11-15 23:24:22', '2017-11-15 23:24:22', '3ee5f74b-d950-47b4-863e-216451fbff4c'),
 ('25', NULL, 'm151127_000000_plugin_license_keys', '2017-11-15 23:24:22', '2017-11-15 23:24:22', '2017-11-15 23:24:22', 'e0c23670-1a51-4f1c-8ae7-2a0d5bfe6c7d'),
 ('26', NULL, 'm151130_000000_update_pt_widget_feeds', '2017-11-15 23:24:22', '2017-11-15 23:24:22', '2017-11-15 23:24:22', 'c9a97c88-d023-4201-9e5b-b83de98afef7'),
 ('27', NULL, 'm160114_000000_asset_sources_public_url_default_true', '2017-11-15 23:24:22', '2017-11-15 23:24:22', '2017-11-15 23:24:22', 'd996c0bd-6722-466d-a198-66865cd17b34'),
 ('28', NULL, 'm160223_000000_sortorder_to_smallint', '2017-11-15 23:24:22', '2017-11-15 23:24:22', '2017-11-15 23:24:22', 'c68ab2df-6d9f-43d9-80f7-63ef373731ca'),
 ('29', NULL, 'm160229_000000_set_default_entry_statuses', '2017-11-15 23:24:22', '2017-11-15 23:24:22', '2017-11-15 23:24:22', 'b3622b76-e570-40bc-b199-6aa76828f8f1'),
 ('30', NULL, 'm160304_000000_client_permissions', '2017-11-15 23:24:22', '2017-11-15 23:24:22', '2017-11-15 23:24:22', 'cc46578d-e61a-4f4f-bdcb-7d9631fba21d'),
 ('31', NULL, 'm160322_000000_asset_filesize', '2017-11-15 23:24:22', '2017-11-15 23:24:22', '2017-11-15 23:24:22', '6048e9c9-90ba-4d87-8ce7-873adf1380d9'),
 ('32', NULL, 'm160503_000000_orphaned_fieldlayouts', '2017-11-15 23:24:22', '2017-11-15 23:24:22', '2017-11-15 23:24:22', '8023832c-60e2-4dd1-afd6-8641a1b01faa'),
 ('33', NULL, 'm160510_000000_tasksettings', '2017-11-15 23:24:22', '2017-11-15 23:24:22', '2017-11-15 23:24:22', '747180b9-d185-437a-815c-63b3ff956cf9'),
 ('34', NULL, 'm160829_000000_pending_user_content_cleanup', '2017-11-15 23:24:22', '2017-11-15 23:24:22', '2017-11-15 23:24:22', '402efcf8-ad3e-439b-a352-8b54e5a1b08e'),
 ('35', NULL, 'm160830_000000_asset_index_uri_increase', '2017-11-15 23:24:22', '2017-11-15 23:24:22', '2017-11-15 23:24:22', '533ee820-4f43-4bcb-af76-9077fba42b02'),
 ('36', NULL, 'm160919_000000_usergroup_handle_title_unique', '2017-11-15 23:24:22', '2017-11-15 23:24:22', '2017-11-15 23:24:22', '00768d79-c686-4594-8982-e8ecbc977d32'),
 ('37', NULL, 'm161108_000000_new_version_format', '2017-11-15 23:24:22', '2017-11-15 23:24:22', '2017-11-15 23:24:22', 'ed2fdca2-e213-4c2f-92cd-46f1713708c4'),
 ('38', NULL, 'm161109_000000_index_shuffle', '2017-11-15 23:24:22', '2017-11-15 23:24:22', '2017-11-15 23:24:22', 'ceeb28a5-64cf-40d4-8349-b0191e78b1ec'),
 ('39', NULL, 'm170612_000000_route_index_shuffle', '2017-11-15 23:24:22', '2017-11-15 23:24:22', '2017-11-15 23:24:22', '63b842a9-de17-4807-a33b-9be3206b0956'),
 ('40', NULL, 'm171107_000000_assign_group_permissions', '2017-11-15 23:25:08', '2017-11-15 23:25:08', '2017-11-15 23:25:08', '590ccbb2-f24b-4e7e-a8d1-7f8475345d3d'),
 ('41', NULL, 'm171117_000001_templatecache_index_tune', '2017-12-04 03:20:27', '2017-12-04 03:20:27', '2017-12-04 03:20:27', '5f3c2f7a-611f-4dfc-91d7-748f46d4234d');



DROP TABLE IF EXISTS `craft_plugins`;


--
-- Schema for table `craft_plugins`
--
CREATE TABLE `craft_plugins` (
  `id` int(11) NOT NULL AUTO_INCREMENT,
  `class` varchar(150) COLLATE utf8_unicode_ci NOT NULL,
  `version` varchar(15) COLLATE utf8_unicode_ci NOT NULL,
  `schemaVersion` varchar(15) COLLATE utf8_unicode_ci DEFAULT NULL,
  `licenseKey` char(24) COLLATE utf8_unicode_ci DEFAULT NULL,
  `licenseKeyStatus` enum('valid','invalid','mismatched','unknown') COLLATE utf8_unicode_ci NOT NULL DEFAULT 'unknown',
  `enabled` tinyint(1) unsigned NOT NULL DEFAULT '0',
  `settings` text COLLATE utf8_unicode_ci,
  `installDate` datetime NOT NULL,
  `dateCreated` datetime NOT NULL,
  `dateUpdated` datetime NOT NULL,
  `uid` char(36) COLLATE utf8_unicode_ci NOT NULL DEFAULT '0',
  PRIMARY KEY (`id`)
) ENGINE=InnoDB DEFAULT CHARSET=utf8 COLLATE=utf8_unicode_ci;

DROP TABLE IF EXISTS `craft_rackspaceaccess`;


--
-- Schema for table `craft_rackspaceaccess`
--
CREATE TABLE `craft_rackspaceaccess` (
  `id` int(11) NOT NULL AUTO_INCREMENT,
  `connectionKey` varchar(255) COLLATE utf8_unicode_ci NOT NULL,
  `token` varchar(255) COLLATE utf8_unicode_ci NOT NULL,
  `storageUrl` varchar(255) COLLATE utf8_unicode_ci NOT NULL,
  `cdnUrl` varchar(255) COLLATE utf8_unicode_ci NOT NULL,
  `dateCreated` datetime NOT NULL,
  `dateUpdated` datetime NOT NULL,
  `uid` char(36) COLLATE utf8_unicode_ci NOT NULL DEFAULT '0',
  PRIMARY KEY (`id`),
  UNIQUE KEY `craft_rackspaceaccess_connectionKey_unq_idx` (`connectionKey`)
) ENGINE=InnoDB DEFAULT CHARSET=utf8 COLLATE=utf8_unicode_ci;

DROP TABLE IF EXISTS `craft_relations`;


--
-- Schema for table `craft_relations`
--
CREATE TABLE `craft_relations` (
  `id` int(11) NOT NULL AUTO_INCREMENT,
  `fieldId` int(11) NOT NULL,
  `sourceId` int(11) NOT NULL,
  `sourceLocale` char(12) COLLATE utf8_unicode_ci DEFAULT NULL,
  `targetId` int(11) NOT NULL,
  `sortOrder` smallint(6) DEFAULT NULL,
  `dateCreated` datetime NOT NULL,
  `dateUpdated` datetime NOT NULL,
  `uid` char(36) COLLATE utf8_unicode_ci NOT NULL DEFAULT '0',
  PRIMARY KEY (`id`),
  UNIQUE KEY `craft_relations_fieldId_sourceId_sourceLocale_targetId_unq_idx` (`fieldId`,`sourceId`,`sourceLocale`,`targetId`),
  KEY `craft_relations_sourceId_fk` (`sourceId`),
  KEY `craft_relations_sourceLocale_fk` (`sourceLocale`),
  KEY `craft_relations_targetId_fk` (`targetId`)
) ENGINE=InnoDB AUTO_INCREMENT=25 DEFAULT CHARSET=utf8 COLLATE=utf8_unicode_ci;

--
-- Data for table `craft_relations`
--

INSERT INTO `craft_relations` (`id`, `fieldId`, `sourceId`, `sourceLocale`, `targetId`, `sortOrder`, `dateCreated`, `dateUpdated`, `uid`) VALUES
 ('15', '4', '9', NULL, '14', '1', '2017-12-07 18:21:03', '2017-12-07 18:21:03', '86a5faa3-c0fa-4fdf-8f6f-09f3e1c3b5d8'),
 ('16', '5', '9', NULL, '20', '1', '2017-12-07 18:21:03', '2017-12-07 18:21:03', '30bd483c-089a-4bb2-bac8-01374d17edaa'),
 ('17', '5', '9', NULL, '21', '2', '2017-12-07 18:21:03', '2017-12-07 18:21:03', 'ece29f4f-f1a0-4ed3-b470-423c89995f11'),
 ('18', '5', '9', NULL, '22', '3', '2017-12-07 18:21:03', '2017-12-07 18:21:03', '7b138a82-8761-4a49-b662-3d979e4efdff'),
 ('19', '5', '9', NULL, '23', '4', '2017-12-07 18:21:03', '2017-12-07 18:21:03', '1a34252d-be6d-4b03-b702-3b39f5b016c6'),
 ('20', '5', '9', NULL, '24', '5', '2017-12-07 18:21:03', '2017-12-07 18:21:03', '91157139-9e20-4c58-a893-dc01142efc2d'),
 ('21', '5', '9', NULL, '25', '6', '2017-12-07 18:21:03', '2017-12-07 18:21:03', '71bf9609-b156-4d4b-ba20-7421c9bb69d2'),
 ('22', '5', '9', NULL, '26', '7', '2017-12-07 18:21:03', '2017-12-07 18:21:03', '943f1cce-da41-4a39-9937-8ac1f95e4f3b'),
 ('23', '5', '9', NULL, '27', '8', '2017-12-07 18:21:03', '2017-12-07 18:21:03', '2144650c-da73-4df5-9e20-205ff8eae9ec'),
 ('24', '5', '9', NULL, '28', '9', '2017-12-07 18:21:03', '2017-12-07 18:21:03', 'f0fbe315-7005-44fe-bd2c-7402c942b549');



DROP TABLE IF EXISTS `craft_routes`;


--
-- Schema for table `craft_routes`
--
CREATE TABLE `craft_routes` (
  `id` int(11) NOT NULL AUTO_INCREMENT,
  `locale` char(12) COLLATE utf8_unicode_ci DEFAULT NULL,
  `urlParts` varchar(255) COLLATE utf8_unicode_ci NOT NULL,
  `urlPattern` varchar(255) COLLATE utf8_unicode_ci NOT NULL,
  `template` varchar(255) COLLATE utf8_unicode_ci NOT NULL,
  `sortOrder` smallint(6) unsigned DEFAULT NULL,
  `dateCreated` datetime NOT NULL,
  `dateUpdated` datetime NOT NULL,
  `uid` char(36) COLLATE utf8_unicode_ci NOT NULL DEFAULT '0',
  PRIMARY KEY (`id`),
  KEY `craft_routes_locale_idx` (`locale`),
  KEY `craft_routes_urlPattern_idx` (`urlPattern`)
) ENGINE=InnoDB DEFAULT CHARSET=utf8 COLLATE=utf8_unicode_ci;

DROP TABLE IF EXISTS `craft_searchindex`;


--
-- Schema for table `craft_searchindex`
--
CREATE TABLE `craft_searchindex` (
  `elementId` int(11) NOT NULL,
  `attribute` varchar(25) COLLATE utf8_unicode_ci NOT NULL,
  `fieldId` int(11) NOT NULL,
  `locale` char(12) COLLATE utf8_unicode_ci NOT NULL,
  `keywords` text COLLATE utf8_unicode_ci NOT NULL,
  PRIMARY KEY (`elementId`,`attribute`,`fieldId`,`locale`),
  FULLTEXT KEY `craft_searchindex_keywords_idx` (`keywords`)
) ENGINE=MyISAM DEFAULT CHARSET=utf8 COLLATE=utf8_unicode_ci;

--
-- Data for table `craft_searchindex`
--

INSERT INTO `craft_searchindex` (`elementId`, `attribute`, `fieldId`, `locale`, `keywords`) VALUES
 ('1', 'username', '0', 'en_us', ' stsadmin '),
 ('1', 'firstname', '0', 'en_us', ''),
 ('1', 'lastname', '0', 'en_us', ''),
 ('1', 'fullname', '0', 'en_us', ''),
 ('1', 'email', '0', 'en_us', ' stealthisspace gmail com '),
 ('1', 'slug', '0', 'en_us', ''),
 ('2', 'slug', '0', 'en_us', ' homepage '),
 ('2', 'title', '0', 'en_us', ' welcome to stealthisspace com '),
 ('2', 'field', '1', 'en_us', ' it s true this site doesn t have a whole lot of content yet but don t worry our web developers have just installed the cms and they re setting things up for the content editors this very moment soon stealthisspace com will be an oasis of fresh perspectives sharp analyses and astute opinions that will keep you coming back again and again '),
 ('3', 'field', '1', 'en_us', ' craft is the cms that s powering stealthisspace com it s beautiful powerful flexible and easy to use and it s made by pixel tonic we can t wait to dive in and see what it s capable of this is even more captivating content which you couldn t see on the news index page because it was entered after a page break and the news index template only likes to show the content on the first page craft a nice alternative to word if you re making a website '),
 ('3', 'field', '2', 'en_us', ''),
 ('3', 'slug', '0', 'en_us', ' we just installed craft '),
 ('3', 'title', '0', 'en_us', ' we just installed craft '),
 ('11', 'kind', '0', 'en_us', ' image '),
 ('10', 'filename', '0', 'en_us', ' dropbox by rapt studio 001 jpg '),
 ('10', 'extension', '0', 'en_us', ' jpg '),
 ('10', 'kind', '0', 'en_us', ' image '),
 ('10', 'slug', '0', 'en_us', ' dropbox by rapt studio 001 '),
 ('10', 'title', '0', 'en_us', ' dropbox by rapt studio 001 '),
 ('11', 'filename', '0', 'en_us', ' dropbox by rapt studio 002 jpg '),
 ('11', 'extension', '0', 'en_us', ' jpg '),
 ('9', 'title', '0', 'en_us', ' dropbox by rapt studios '),
 ('9', 'slug', '0', 'en_us', ' dropbox by rapt studios '),
 ('9', 'field', '4', 'en_us', ' dropbox by rapt studio 005 '),
 ('11', 'slug', '0', 'en_us', ' dropbox by rapt studio 002 '),
 ('11', 'title', '0', 'en_us', ' dropbox by rapt studio 002 '),
 ('12', 'filename', '0', 'en_us', ' dropbox by rapt studio 003 jpg '),
 ('12', 'extension', '0', 'en_us', ' jpg '),
 ('12', 'kind', '0', 'en_us', ' image '),
 ('12', 'slug', '0', 'en_us', ' dropbox by rapt studio 003 '),
 ('12', 'title', '0', 'en_us', ' dropbox by rapt studio 003 '),
 ('13', 'filename', '0', 'en_us', ' dropbox by rapt studio 004 jpg '),
 ('13', 'extension', '0', 'en_us', ' jpg '),
 ('13', 'kind', '0', 'en_us', ' image '),
 ('13', 'slug', '0', 'en_us', ' dropbox by rapt studio 004 '),
 ('13', 'title', '0', 'en_us', ' dropbox by rapt studio 004 '),
 ('14', 'filename', '0', 'en_us', ' dropbox by rapt studio 005 jpg '),
 ('14', 'extension', '0', 'en_us', ' jpg '),
 ('14', 'kind', '0', 'en_us', ' image '),
 ('14', 'slug', '0', 'en_us', ' dropbox by rapt studio 005 '),
 ('14', 'title', '0', 'en_us', ' dropbox by rapt studio 005 '),
 ('15', 'filename', '0', 'en_us', ' dropbox by rapt studio 006 jpg '),
 ('15', 'extension', '0', 'en_us', ' jpg '),
 ('15', 'kind', '0', 'en_us', ' image '),
 ('15', 'slug', '0', 'en_us', ' dropbox by rapt studio 006 '),
 ('15', 'title', '0', 'en_us', ' dropbox by rapt studio 006 '),
 ('16', 'filename', '0', 'en_us', ' dropbox by rapt studio 007 jpg '),
 ('16', 'extension', '0', 'en_us', ' jpg '),
 ('16', 'kind', '0', 'en_us', ' image '),
 ('16', 'slug', '0', 'en_us', ' dropbox by rapt studio 007 '),
 ('16', 'title', '0', 'en_us', ' dropbox by rapt studio 007 '),
 ('17', 'filename', '0', 'en_us', ' dropbox by rapt studio 008 jpg '),
 ('17', 'extension', '0', 'en_us', ' jpg '),
 ('17', 'kind', '0', 'en_us', ' image '),
 ('17', 'slug', '0', 'en_us', ' dropbox by rapt studio 008 '),
 ('17', 'title', '0', 'en_us', ' dropbox by rapt studio 008 '),
 ('18', 'filename', '0', 'en_us', ' dropbox by rapt studio 009 jpg '),
 ('18', 'extension', '0', 'en_us', ' jpg '),
 ('18', 'kind', '0', 'en_us', ' image '),
 ('18', 'slug', '0', 'en_us', ' dropbox by rapt studio 009 '),
 ('18', 'title', '0', 'en_us', ' dropbox by rapt studio 009 '),
 ('19', 'filename', '0', 'en_us', ' dropbox by rapt studio 010 jpg '),
 ('19', 'extension', '0', 'en_us', ' jpg '),
 ('19', 'kind', '0', 'en_us', ' image '),
 ('19', 'slug', '0', 'en_us', ' dropbox by rapt studio 010 '),
 ('19', 'title', '0', 'en_us', ' dropbox by rapt studio 010 '),
 ('20', 'filename', '0', 'en_us', ' dropbox by rapt studio 001 jpg '),
 ('20', 'extension', '0', 'en_us', ' jpg '),
 ('20', 'kind', '0', 'en_us', ' image '),
 ('20', 'slug', '0', 'en_us', ' dropbox by rapt studio 001 '),
 ('20', 'title', '0', 'en_us', ' dropbox by rapt studio 001 '),
 ('21', 'filename', '0', 'en_us', ' dropbox by rapt studio 002 jpg '),
 ('21', 'extension', '0', 'en_us', ' jpg '),
 ('21', 'kind', '0', 'en_us', ' image '),
 ('21', 'slug', '0', 'en_us', ' dropbox by rapt studio 002 '),
 ('21', 'title', '0', 'en_us', ' dropbox by rapt studio 002 '),
 ('22', 'filename', '0', 'en_us', ' dropbox by rapt studio 003 jpg '),
 ('22', 'extension', '0', 'en_us', ' jpg '),
 ('22', 'kind', '0', 'en_us', ' image '),
 ('22', 'slug', '0', 'en_us', ' dropbox by rapt studio 003 '),
 ('22', 'title', '0', 'en_us', ' dropbox by rapt studio 003 '),
 ('23', 'filename', '0', 'en_us', ' dropbox by rapt studio 004 jpg '),
 ('23', 'extension', '0', 'en_us', ' jpg '),
 ('23', 'kind', '0', 'en_us', ' image '),
 ('23', 'slug', '0', 'en_us', ' dropbox by rapt studio 004 '),
 ('23', 'title', '0', 'en_us', ' dropbox by rapt studio 004 '),
 ('24', 'filename', '0', 'en_us', ' dropbox by rapt studio 006 jpg '),
 ('24', 'extension', '0', 'en_us', ' jpg '),
 ('24', 'kind', '0', 'en_us', ' image '),
 ('24', 'slug', '0', 'en_us', ' dropbox by rapt studio 006 '),
 ('24', 'title', '0', 'en_us', ' dropbox by rapt studio 006 '),
 ('25', 'filename', '0', 'en_us', ' dropbox by rapt studio 007 jpg '),
 ('25', 'extension', '0', 'en_us', ' jpg '),
 ('25', 'kind', '0', 'en_us', ' image '),
 ('25', 'slug', '0', 'en_us', ' dropbox by rapt studio 007 '),
 ('25', 'title', '0', 'en_us', ' dropbox by rapt studio 007 '),
 ('26', 'filename', '0', 'en_us', ' dropbox by rapt studio 008 jpg '),
 ('26', 'extension', '0', 'en_us', ' jpg '),
 ('26', 'kind', '0', 'en_us', ' image '),
 ('26', 'slug', '0', 'en_us', ' dropbox by rapt studio 008 ');
INSERT INTO `craft_searchindex` (`elementId`, `attribute`, `fieldId`, `locale`, `keywords`) VALUES
 ('26', 'title', '0', 'en_us', ' dropbox by rapt studio 008 '),
 ('27', 'filename', '0', 'en_us', ' dropbox by rapt studio 009 jpg '),
 ('27', 'extension', '0', 'en_us', ' jpg '),
 ('27', 'kind', '0', 'en_us', ' image '),
 ('27', 'slug', '0', 'en_us', ' dropbox by rapt studio 009 '),
 ('27', 'title', '0', 'en_us', ' dropbox by rapt studio 009 '),
 ('28', 'filename', '0', 'en_us', ' dropbox by rapt studio 010 jpg '),
 ('28', 'extension', '0', 'en_us', ' jpg '),
 ('28', 'kind', '0', 'en_us', ' image '),
 ('28', 'slug', '0', 'en_us', ' dropbox by rapt studio 010 '),
 ('28', 'title', '0', 'en_us', ' dropbox by rapt studio 010 '),
 ('9', 'field', '5', 'en_us', ' dropbox by rapt studio 001 dropbox by rapt studio 002 dropbox by rapt studio 003 dropbox by rapt studio 004 dropbox by rapt studio 006 dropbox by rapt studio 007 dropbox by rapt studio 008 dropbox by rapt studio 009 dropbox by rapt studio 010 '),
 ('9', 'field', '6', 'en_us', ' rapt studios created a beautiful space for dropbox s employees to work in which enhances the sense of community within the workplace the design has won 4 awards you can read their case study and view more images here ');



DROP TABLE IF EXISTS `craft_sections`;


--
-- Schema for table `craft_sections`
--
CREATE TABLE `craft_sections` (
  `id` int(11) NOT NULL AUTO_INCREMENT,
  `structureId` int(11) DEFAULT NULL,
  `name` varchar(255) COLLATE utf8_unicode_ci NOT NULL,
  `handle` varchar(255) COLLATE utf8_unicode_ci NOT NULL,
  `type` enum('single','channel','structure') COLLATE utf8_unicode_ci NOT NULL DEFAULT 'channel',
  `hasUrls` tinyint(1) unsigned NOT NULL DEFAULT '1',
  `template` varchar(500) COLLATE utf8_unicode_ci DEFAULT NULL,
  `enableVersioning` tinyint(1) unsigned NOT NULL DEFAULT '0',
  `dateCreated` datetime NOT NULL,
  `dateUpdated` datetime NOT NULL,
  `uid` char(36) COLLATE utf8_unicode_ci NOT NULL DEFAULT '0',
  PRIMARY KEY (`id`),
  UNIQUE KEY `craft_sections_name_unq_idx` (`name`),
  UNIQUE KEY `craft_sections_handle_unq_idx` (`handle`),
  KEY `craft_sections_structureId_fk` (`structureId`)
) ENGINE=InnoDB AUTO_INCREMENT=8 DEFAULT CHARSET=utf8 COLLATE=utf8_unicode_ci;

--
-- Data for table `craft_sections`
--

INSERT INTO `craft_sections` (`id`, `structureId`, `name`, `handle`, `type`, `hasUrls`, `template`, `enableVersioning`, `dateCreated`, `dateUpdated`, `uid`) VALUES
 ('1', NULL, 'Homepage', 'homepage', 'single', '1', 'index', '1', '2017-11-15 23:24:24', '2017-11-15 23:24:24', '321b83cb-c82c-497d-8122-737d240ad9d2'),
 ('2', NULL, 'News', 'news', 'channel', '1', 'news/_entry', '1', '2017-11-15 23:24:24', '2017-12-06 16:44:17', 'a50f0e2c-cb4f-4a21-9076-b07afd33b8cb'),
 ('3', NULL, 'Workspace', 'workspace', 'channel', '1', 'workspace/_entry', '1', '2017-12-04 03:23:18', '2017-12-06 16:41:47', '796be3bb-88e6-4b45-84ad-9327cd7757d6'),
 ('4', NULL, 'Inspiration', 'inspiration', 'channel', '1', 'inspiration/_entry', '1', '2017-12-06 16:41:06', '2017-12-06 16:41:06', 'd4739a19-e687-476a-aeaf-a1b54e62b0d9'),
 ('5', NULL, 'Showcase', 'showcase', 'channel', '1', 'showcase/_entry', '1', '2017-12-06 16:42:00', '2017-12-06 16:42:00', '787018f6-e13e-48a7-a793-1b4d6d3d97c3'),
 ('6', NULL, 'Guide', 'guide', 'channel', '1', 'guide/_entry', '1', '2017-12-06 16:42:22', '2017-12-06 16:42:22', 'f6cca7a5-9356-483e-a5c7-76c731a122de'),
 ('7', NULL, 'Review', 'review', 'channel', '1', 'review/_entry', '1', '2017-12-06 16:42:32', '2017-12-06 16:42:32', '115f24f8-e91c-4413-a612-87fcfa426cce');



DROP TABLE IF EXISTS `craft_sections_i18n`;


--
-- Schema for table `craft_sections_i18n`
--
CREATE TABLE `craft_sections_i18n` (
  `id` int(11) NOT NULL AUTO_INCREMENT,
  `sectionId` int(11) NOT NULL,
  `locale` char(12) COLLATE utf8_unicode_ci NOT NULL,
  `enabledByDefault` tinyint(1) unsigned NOT NULL DEFAULT '1',
  `urlFormat` text COLLATE utf8_unicode_ci,
  `nestedUrlFormat` text COLLATE utf8_unicode_ci,
  `dateCreated` datetime NOT NULL,
  `dateUpdated` datetime NOT NULL,
  `uid` char(36) COLLATE utf8_unicode_ci NOT NULL DEFAULT '0',
  PRIMARY KEY (`id`),
  UNIQUE KEY `craft_sections_i18n_sectionId_locale_unq_idx` (`sectionId`,`locale`),
  KEY `craft_sections_i18n_locale_fk` (`locale`)
) ENGINE=InnoDB AUTO_INCREMENT=8 DEFAULT CHARSET=utf8 COLLATE=utf8_unicode_ci;

--
-- Data for table `craft_sections_i18n`
--

INSERT INTO `craft_sections_i18n` (`id`, `sectionId`, `locale`, `enabledByDefault`, `urlFormat`, `nestedUrlFormat`, `dateCreated`, `dateUpdated`, `uid`) VALUES
 ('1', '1', 'en_us', '1', '__home__', NULL, '2017-11-15 23:24:24', '2017-11-15 23:24:24', '4a36bdea-cc84-4e8c-8d85-1091e4ab6e5f'),
 ('2', '2', 'en_us', '1', 'news/{postDate.year}/{postDate.month}/{slug}', NULL, '2017-11-15 23:24:24', '2017-12-06 16:44:17', '2f597ac6-3664-4b12-962f-c05971cac406'),
 ('3', '3', 'en_us', '0', 'workspace/{slug}', NULL, '2017-12-04 03:23:18', '2017-12-06 16:41:47', 'b68fd651-91bf-4323-92a9-98b6c533db22'),
 ('4', '4', 'en_us', '0', 'inspiration/{slug}', NULL, '2017-12-06 16:41:06', '2017-12-06 16:41:06', 'cceba45d-2836-48f5-a82d-e9f3b2bf6a9b'),
 ('5', '5', 'en_us', '0', 'showcase/{slug}', NULL, '2017-12-06 16:42:00', '2017-12-06 16:42:00', '7244d568-fedb-4c4e-aa32-571f8d29285c'),
 ('6', '6', 'en_us', '0', 'guide/{slug}', NULL, '2017-12-06 16:42:22', '2017-12-06 16:42:22', '8f19ecb9-2506-4ecd-80d1-99827b829ccc'),
 ('7', '7', 'en_us', '0', 'review/{slug}', NULL, '2017-12-06 16:42:32', '2017-12-06 16:42:32', 'a8d77b0a-16b2-410d-a386-47e6e51efbbd');



DROP TABLE IF EXISTS `craft_sessions`;


--
-- Schema for table `craft_sessions`
--
CREATE TABLE `craft_sessions` (
  `id` int(11) NOT NULL AUTO_INCREMENT,
  `userId` int(11) NOT NULL,
  `token` char(100) COLLATE utf8_unicode_ci NOT NULL,
  `dateCreated` datetime NOT NULL,
  `dateUpdated` datetime NOT NULL,
  `uid` char(36) COLLATE utf8_unicode_ci NOT NULL DEFAULT '0',
  PRIMARY KEY (`id`),
  KEY `craft_sessions_uid_idx` (`uid`),
  KEY `craft_sessions_token_idx` (`token`),
  KEY `craft_sessions_dateUpdated_idx` (`dateUpdated`),
  KEY `craft_sessions_userId_fk` (`userId`)
) ENGINE=InnoDB AUTO_INCREMENT=7 DEFAULT CHARSET=utf8 COLLATE=utf8_unicode_ci;

DROP TABLE IF EXISTS `craft_shunnedmessages`;


--
-- Schema for table `craft_shunnedmessages`
--
CREATE TABLE `craft_shunnedmessages` (
  `id` int(11) NOT NULL AUTO_INCREMENT,
  `userId` int(11) NOT NULL,
  `message` varchar(255) COLLATE utf8_unicode_ci NOT NULL,
  `expiryDate` datetime DEFAULT NULL,
  `dateCreated` datetime NOT NULL,
  `dateUpdated` datetime NOT NULL,
  `uid` char(36) COLLATE utf8_unicode_ci NOT NULL DEFAULT '0',
  PRIMARY KEY (`id`),
  UNIQUE KEY `craft_shunnedmessages_userId_message_unq_idx` (`userId`,`message`)
) ENGINE=InnoDB DEFAULT CHARSET=utf8 COLLATE=utf8_unicode_ci;

DROP TABLE IF EXISTS `craft_structureelements`;


--
-- Schema for table `craft_structureelements`
--
CREATE TABLE `craft_structureelements` (
  `id` int(11) NOT NULL AUTO_INCREMENT,
  `structureId` int(11) NOT NULL,
  `elementId` int(11) DEFAULT NULL,
  `root` int(11) unsigned DEFAULT NULL,
  `lft` int(11) unsigned NOT NULL,
  `rgt` int(11) unsigned NOT NULL,
  `level` smallint(6) unsigned NOT NULL,
  `dateCreated` datetime NOT NULL,
  `dateUpdated` datetime NOT NULL,
  `uid` char(36) COLLATE utf8_unicode_ci NOT NULL DEFAULT '0',
  PRIMARY KEY (`id`),
  UNIQUE KEY `craft_structureelements_structureId_elementId_unq_idx` (`structureId`,`elementId`),
  KEY `craft_structureelements_root_idx` (`root`),
  KEY `craft_structureelements_lft_idx` (`lft`),
  KEY `craft_structureelements_rgt_idx` (`rgt`),
  KEY `craft_structureelements_level_idx` (`level`),
  KEY `craft_structureelements_elementId_fk` (`elementId`)
) ENGINE=InnoDB DEFAULT CHARSET=utf8 COLLATE=utf8_unicode_ci;

DROP TABLE IF EXISTS `craft_structures`;


--
-- Schema for table `craft_structures`
--
CREATE TABLE `craft_structures` (
  `id` int(11) NOT NULL AUTO_INCREMENT,
  `maxLevels` smallint(6) unsigned DEFAULT NULL,
  `dateCreated` datetime NOT NULL,
  `dateUpdated` datetime NOT NULL,
  `uid` char(36) COLLATE utf8_unicode_ci NOT NULL DEFAULT '0',
  PRIMARY KEY (`id`)
) ENGINE=InnoDB DEFAULT CHARSET=utf8 COLLATE=utf8_unicode_ci;

DROP TABLE IF EXISTS `craft_systemsettings`;


--
-- Schema for table `craft_systemsettings`
--
CREATE TABLE `craft_systemsettings` (
  `id` int(11) NOT NULL AUTO_INCREMENT,
  `category` varchar(15) COLLATE utf8_unicode_ci NOT NULL,
  `settings` text COLLATE utf8_unicode_ci,
  `dateCreated` datetime NOT NULL,
  `dateUpdated` datetime NOT NULL,
  `uid` char(36) COLLATE utf8_unicode_ci NOT NULL DEFAULT '0',
  PRIMARY KEY (`id`),
  UNIQUE KEY `craft_systemsettings_category_unq_idx` (`category`)
) ENGINE=InnoDB AUTO_INCREMENT=2 DEFAULT CHARSET=utf8 COLLATE=utf8_unicode_ci;

--
-- Data for table `craft_systemsettings`
--

INSERT INTO `craft_systemsettings` (`id`, `category`, `settings`, `dateCreated`, `dateUpdated`, `uid`) VALUES
 ('1', 'email', '{\"protocol\":\"php\",\"emailAddress\":\"stealthisspace@gmail.com\",\"senderName\":\"Steal This Space\"}', '2017-11-15 23:24:24', '2017-11-15 23:24:24', 'e249eef0-5996-42e6-bd5c-75bd717ca0e1');



DROP TABLE IF EXISTS `craft_taggroups`;


--
-- Schema for table `craft_taggroups`
--
CREATE TABLE `craft_taggroups` (
  `id` int(11) NOT NULL AUTO_INCREMENT,
  `name` varchar(255) COLLATE utf8_unicode_ci NOT NULL,
  `handle` varchar(255) COLLATE utf8_unicode_ci NOT NULL,
  `fieldLayoutId` int(10) DEFAULT NULL,
  `dateCreated` datetime NOT NULL,
  `dateUpdated` datetime NOT NULL,
  `uid` char(36) COLLATE utf8_unicode_ci NOT NULL DEFAULT '0',
  PRIMARY KEY (`id`),
  UNIQUE KEY `craft_taggroups_name_unq_idx` (`name`),
  UNIQUE KEY `craft_taggroups_handle_unq_idx` (`handle`),
  KEY `craft_taggroups_fieldLayoutId_fk` (`fieldLayoutId`)
) ENGINE=InnoDB AUTO_INCREMENT=2 DEFAULT CHARSET=utf8 COLLATE=utf8_unicode_ci;

--
-- Data for table `craft_taggroups`
--

INSERT INTO `craft_taggroups` (`id`, `name`, `handle`, `fieldLayoutId`, `dateCreated`, `dateUpdated`, `uid`) VALUES
 ('1', 'Default', 'default', '1', '2017-11-15 23:24:24', '2017-11-15 23:24:24', '50f3683f-b592-40af-81a8-5f1b34634107');



DROP TABLE IF EXISTS `craft_tags`;


--
-- Schema for table `craft_tags`
--
CREATE TABLE `craft_tags` (
  `id` int(11) NOT NULL,
  `groupId` int(11) NOT NULL,
  `dateCreated` datetime NOT NULL,
  `dateUpdated` datetime NOT NULL,
  `uid` char(36) COLLATE utf8_unicode_ci NOT NULL DEFAULT '0',
  PRIMARY KEY (`id`),
  KEY `craft_tags_groupId_fk` (`groupId`)
) ENGINE=InnoDB DEFAULT CHARSET=utf8 COLLATE=utf8_unicode_ci;

DROP TABLE IF EXISTS `craft_tasks`;


--
-- Schema for table `craft_tasks`
--
CREATE TABLE `craft_tasks` (
  `id` int(11) NOT NULL AUTO_INCREMENT,
  `root` int(11) unsigned DEFAULT NULL,
  `lft` int(11) unsigned NOT NULL,
  `rgt` int(11) unsigned NOT NULL,
  `level` smallint(6) unsigned NOT NULL,
  `currentStep` int(11) unsigned DEFAULT NULL,
  `totalSteps` int(11) unsigned DEFAULT NULL,
  `status` enum('pending','error','running') COLLATE utf8_unicode_ci DEFAULT NULL,
  `type` varchar(150) COLLATE utf8_unicode_ci NOT NULL,
  `description` varchar(255) COLLATE utf8_unicode_ci DEFAULT NULL,
  `settings` mediumtext COLLATE utf8_unicode_ci,
  `dateCreated` datetime NOT NULL,
  `dateUpdated` datetime NOT NULL,
  `uid` char(36) COLLATE utf8_unicode_ci NOT NULL DEFAULT '0',
  PRIMARY KEY (`id`),
  KEY `craft_tasks_root_idx` (`root`),
  KEY `craft_tasks_lft_idx` (`lft`),
  KEY `craft_tasks_rgt_idx` (`rgt`),
  KEY `craft_tasks_level_idx` (`level`)
) ENGINE=InnoDB AUTO_INCREMENT=14 DEFAULT CHARSET=utf8 COLLATE=utf8_unicode_ci;

DROP TABLE IF EXISTS `craft_templatecachecriteria`;


--
-- Schema for table `craft_templatecachecriteria`
--
CREATE TABLE `craft_templatecachecriteria` (
  `id` int(11) NOT NULL AUTO_INCREMENT,
  `cacheId` int(11) NOT NULL,
  `type` varchar(150) COLLATE utf8_unicode_ci NOT NULL,
  `criteria` text COLLATE utf8_unicode_ci NOT NULL,
  PRIMARY KEY (`id`),
  KEY `craft_templatecachecriteria_cacheId_fk` (`cacheId`),
  KEY `craft_templatecachecriteria_type_idx` (`type`)
) ENGINE=InnoDB DEFAULT CHARSET=utf8 COLLATE=utf8_unicode_ci;

DROP TABLE IF EXISTS `craft_templatecacheelements`;


--
-- Schema for table `craft_templatecacheelements`
--
CREATE TABLE `craft_templatecacheelements` (
  `cacheId` int(11) NOT NULL,
  `elementId` int(11) NOT NULL,
  KEY `craft_templatecacheelements_cacheId_fk` (`cacheId`),
  KEY `craft_templatecacheelements_elementId_fk` (`elementId`)
) ENGINE=InnoDB DEFAULT CHARSET=utf8 COLLATE=utf8_unicode_ci;

DROP TABLE IF EXISTS `craft_templatecaches`;


--
-- Schema for table `craft_templatecaches`
--
CREATE TABLE `craft_templatecaches` (
  `id` int(11) NOT NULL AUTO_INCREMENT,
  `cacheKey` varchar(255) COLLATE utf8_unicode_ci NOT NULL,
  `locale` char(12) COLLATE utf8_unicode_ci NOT NULL,
  `path` varchar(255) COLLATE utf8_unicode_ci DEFAULT NULL,
  `expiryDate` datetime NOT NULL,
  `body` mediumtext COLLATE utf8_unicode_ci NOT NULL,
  PRIMARY KEY (`id`),
  KEY `craft_templatecaches_expiryDate_cacheKey_locale_path_idx` (`expiryDate`,`cacheKey`,`locale`,`path`),
  KEY `craft_templatecaches_locale_fk` (`locale`),
  KEY `craft_templatecaches_expiryDate_cacheKey_locale_idx` (`expiryDate`,`cacheKey`,`locale`)
) ENGINE=InnoDB DEFAULT CHARSET=utf8 COLLATE=utf8_unicode_ci;

DROP TABLE IF EXISTS `craft_tokens`;


--
-- Schema for table `craft_tokens`
--
CREATE TABLE `craft_tokens` (
  `id` int(11) NOT NULL AUTO_INCREMENT,
  `token` char(32) COLLATE utf8_unicode_ci NOT NULL,
  `route` text COLLATE utf8_unicode_ci,
  `usageLimit` tinyint(3) unsigned DEFAULT NULL,
  `usageCount` tinyint(3) unsigned DEFAULT NULL,
  `expiryDate` datetime NOT NULL,
  `dateCreated` datetime NOT NULL,
  `dateUpdated` datetime NOT NULL,
  `uid` char(36) COLLATE utf8_unicode_ci NOT NULL DEFAULT '0',
  PRIMARY KEY (`id`),
  UNIQUE KEY `craft_tokens_token_unq_idx` (`token`),
  KEY `craft_tokens_expiryDate_idx` (`expiryDate`)
) ENGINE=InnoDB DEFAULT CHARSET=utf8 COLLATE=utf8_unicode_ci;

DROP TABLE IF EXISTS `craft_usergroups`;


--
-- Schema for table `craft_usergroups`
--
CREATE TABLE `craft_usergroups` (
  `id` int(11) NOT NULL AUTO_INCREMENT,
  `name` varchar(255) COLLATE utf8_unicode_ci NOT NULL,
  `handle` varchar(255) COLLATE utf8_unicode_ci NOT NULL,
  `dateCreated` datetime NOT NULL,
  `dateUpdated` datetime NOT NULL,
  `uid` char(36) COLLATE utf8_unicode_ci NOT NULL DEFAULT '0',
  PRIMARY KEY (`id`),
  UNIQUE KEY `craft_usergroups_name_unq_idx` (`name`),
  UNIQUE KEY `craft_usergroups_handle_unq_idx` (`handle`)
) ENGINE=InnoDB DEFAULT CHARSET=utf8 COLLATE=utf8_unicode_ci;

DROP TABLE IF EXISTS `craft_usergroups_users`;


--
-- Schema for table `craft_usergroups_users`
--
CREATE TABLE `craft_usergroups_users` (
  `id` int(11) NOT NULL AUTO_INCREMENT,
  `groupId` int(11) NOT NULL,
  `userId` int(11) NOT NULL,
  `dateCreated` datetime NOT NULL,
  `dateUpdated` datetime NOT NULL,
  `uid` char(36) COLLATE utf8_unicode_ci NOT NULL DEFAULT '0',
  PRIMARY KEY (`id`),
  UNIQUE KEY `craft_usergroups_users_groupId_userId_unq_idx` (`groupId`,`userId`),
  KEY `craft_usergroups_users_userId_fk` (`userId`)
) ENGINE=InnoDB DEFAULT CHARSET=utf8 COLLATE=utf8_unicode_ci;

DROP TABLE IF EXISTS `craft_userpermissions`;


--
-- Schema for table `craft_userpermissions`
--
CREATE TABLE `craft_userpermissions` (
  `id` int(11) NOT NULL AUTO_INCREMENT,
  `name` varchar(255) COLLATE utf8_unicode_ci NOT NULL,
  `dateCreated` datetime NOT NULL,
  `dateUpdated` datetime NOT NULL,
  `uid` char(36) COLLATE utf8_unicode_ci NOT NULL DEFAULT '0',
  PRIMARY KEY (`id`),
  UNIQUE KEY `craft_userpermissions_name_unq_idx` (`name`)
) ENGINE=InnoDB DEFAULT CHARSET=utf8 COLLATE=utf8_unicode_ci;

DROP TABLE IF EXISTS `craft_userpermissions_usergroups`;


--
-- Schema for table `craft_userpermissions_usergroups`
--
CREATE TABLE `craft_userpermissions_usergroups` (
  `id` int(11) NOT NULL AUTO_INCREMENT,
  `permissionId` int(11) NOT NULL,
  `groupId` int(11) NOT NULL,
  `dateCreated` datetime NOT NULL,
  `dateUpdated` datetime NOT NULL,
  `uid` char(36) COLLATE utf8_unicode_ci NOT NULL DEFAULT '0',
  PRIMARY KEY (`id`),
  UNIQUE KEY `craft_userpermissions_usergroups_permissionId_groupId_unq_idx` (`permissionId`,`groupId`),
  KEY `craft_userpermissions_usergroups_groupId_fk` (`groupId`)
) ENGINE=InnoDB DEFAULT CHARSET=utf8 COLLATE=utf8_unicode_ci;

DROP TABLE IF EXISTS `craft_userpermissions_users`;


--
-- Schema for table `craft_userpermissions_users`
--
CREATE TABLE `craft_userpermissions_users` (
  `id` int(11) NOT NULL AUTO_INCREMENT,
  `permissionId` int(11) NOT NULL,
  `userId` int(11) NOT NULL,
  `dateCreated` datetime NOT NULL,
  `dateUpdated` datetime NOT NULL,
  `uid` char(36) COLLATE utf8_unicode_ci NOT NULL DEFAULT '0',
  PRIMARY KEY (`id`),
  UNIQUE KEY `craft_userpermissions_users_permissionId_userId_unq_idx` (`permissionId`,`userId`),
  KEY `craft_userpermissions_users_userId_fk` (`userId`)
) ENGINE=InnoDB DEFAULT CHARSET=utf8 COLLATE=utf8_unicode_ci;

DROP TABLE IF EXISTS `craft_users`;


--
-- Schema for table `craft_users`
--
CREATE TABLE `craft_users` (
  `id` int(11) NOT NULL,
  `username` varchar(100) COLLATE utf8_unicode_ci NOT NULL,
  `photo` varchar(100) COLLATE utf8_unicode_ci DEFAULT NULL,
  `firstName` varchar(100) COLLATE utf8_unicode_ci DEFAULT NULL,
  `lastName` varchar(100) COLLATE utf8_unicode_ci DEFAULT NULL,
  `email` varchar(255) COLLATE utf8_unicode_ci NOT NULL,
  `password` char(255) COLLATE utf8_unicode_ci DEFAULT NULL,
  `preferredLocale` char(12) COLLATE utf8_unicode_ci DEFAULT NULL,
  `weekStartDay` tinyint(1) unsigned NOT NULL DEFAULT '0',
  `admin` tinyint(1) unsigned NOT NULL DEFAULT '0',
  `client` tinyint(1) unsigned NOT NULL DEFAULT '0',
  `locked` tinyint(1) unsigned NOT NULL DEFAULT '0',
  `suspended` tinyint(1) unsigned NOT NULL DEFAULT '0',
  `pending` tinyint(1) unsigned NOT NULL DEFAULT '0',
  `archived` tinyint(1) unsigned NOT NULL DEFAULT '0',
  `lastLoginDate` datetime DEFAULT NULL,
  `lastLoginAttemptIPAddress` varchar(45) COLLATE utf8_unicode_ci DEFAULT NULL,
  `invalidLoginWindowStart` datetime DEFAULT NULL,
  `invalidLoginCount` tinyint(4) unsigned DEFAULT NULL,
  `lastInvalidLoginDate` datetime DEFAULT NULL,
  `lockoutDate` datetime DEFAULT NULL,
  `verificationCode` char(100) COLLATE utf8_unicode_ci DEFAULT NULL,
  `verificationCodeIssuedDate` datetime DEFAULT NULL,
  `unverifiedEmail` varchar(255) COLLATE utf8_unicode_ci DEFAULT NULL,
  `passwordResetRequired` tinyint(1) unsigned NOT NULL DEFAULT '0',
  `lastPasswordChangeDate` datetime DEFAULT NULL,
  `dateCreated` datetime NOT NULL,
  `dateUpdated` datetime NOT NULL,
  `uid` char(36) COLLATE utf8_unicode_ci NOT NULL DEFAULT '0',
  PRIMARY KEY (`id`),
  UNIQUE KEY `craft_users_username_unq_idx` (`username`),
  UNIQUE KEY `craft_users_email_unq_idx` (`email`),
  KEY `craft_users_verificationCode_idx` (`verificationCode`),
  KEY `craft_users_uid_idx` (`uid`),
  KEY `craft_users_preferredLocale_fk` (`preferredLocale`)
) ENGINE=InnoDB DEFAULT CHARSET=utf8 COLLATE=utf8_unicode_ci;

--
-- Data for table `craft_users`
--

INSERT INTO `craft_users` (`id`, `username`, `photo`, `firstName`, `lastName`, `email`, `password`, `preferredLocale`, `weekStartDay`, `admin`, `client`, `locked`, `suspended`, `pending`, `archived`, `lastLoginDate`, `lastLoginAttemptIPAddress`, `invalidLoginWindowStart`, `invalidLoginCount`, `lastInvalidLoginDate`, `lockoutDate`, `verificationCode`, `verificationCodeIssuedDate`, `unverifiedEmail`, `passwordResetRequired`, `lastPasswordChangeDate`, `dateCreated`, `dateUpdated`, `uid`) VALUES
 ('1', 'stsadmin', NULL, NULL, NULL, 'stealthisspace@gmail.com', '$2y$13$2FoKPpjsMxoUrKMFD43Ih.SIQj/g5m6CLnQMbK4M90Jg3GyhdLKXu', NULL, '0', '1', '0', '0', '0', '0', '0', '2017-12-10 15:44:14', '98.228.180.122', NULL, NULL, NULL, NULL, NULL, NULL, NULL, '0', '2017-11-15 23:24:22', '2017-11-15 23:24:22', '2017-12-10 15:44:14', '27a9b369-518f-4881-98bd-7bcfc62437c9');



DROP TABLE IF EXISTS `craft_widgets`;


--
-- Schema for table `craft_widgets`
--
CREATE TABLE `craft_widgets` (
  `id` int(11) NOT NULL AUTO_INCREMENT,
  `userId` int(11) NOT NULL,
  `type` varchar(150) COLLATE utf8_unicode_ci NOT NULL,
  `sortOrder` smallint(6) unsigned DEFAULT NULL,
  `colspan` tinyint(4) unsigned DEFAULT NULL,
  `settings` text COLLATE utf8_unicode_ci,
  `enabled` tinyint(1) unsigned NOT NULL DEFAULT '1',
  `dateCreated` datetime NOT NULL,
  `dateUpdated` datetime NOT NULL,
  `uid` char(36) COLLATE utf8_unicode_ci NOT NULL DEFAULT '0',
  PRIMARY KEY (`id`),
  KEY `craft_widgets_userId_fk` (`userId`)
) ENGINE=InnoDB AUTO_INCREMENT=5 DEFAULT CHARSET=utf8 COLLATE=utf8_unicode_ci;

--
-- Data for table `craft_widgets`
--

INSERT INTO `craft_widgets` (`id`, `userId`, `type`, `sortOrder`, `colspan`, `settings`, `enabled`, `dateCreated`, `dateUpdated`, `uid`) VALUES
 ('1', '1', 'RecentEntries', '1', NULL, NULL, '1', '2017-11-15 23:24:31', '2017-11-15 23:24:31', 'dd81c471-9667-4985-934a-dc89e00c0459'),
 ('2', '1', 'GetHelp', '2', NULL, NULL, '1', '2017-11-15 23:24:31', '2017-11-15 23:24:31', '944c6045-94a0-41d3-84d0-c8e210772040'),
 ('3', '1', 'Updates', '3', NULL, NULL, '1', '2017-11-15 23:24:31', '2017-11-15 23:24:31', '55e72f81-eea9-410a-8bee-25666c4a6826'),
 ('4', '1', 'Feed', '4', NULL, '{\"url\":\"https:\\/\\/craftcms.com\\/news.rss\",\"title\":\"Craft News\"}', '1', '2017-11-15 23:24:31', '2017-11-15 23:24:31', '5f73a2cb-1f52-44a9-894d-ab9c7a52f850');


--
-- Constraints for tables
--


--
-- Constraints for table `craft_assetfiles`
--
ALTER TABLE `craft_assetfiles`
	ADD CONSTRAINT `craft_assetfiles_folderId_fk` FOREIGN KEY (`folderId`) REFERENCES `craft_assetfolders` (`id`) ON DELETE CASCADE,
	ADD CONSTRAINT `craft_assetfiles_id_fk` FOREIGN KEY (`id`) REFERENCES `craft_elements` (`id`) ON DELETE CASCADE,
	ADD CONSTRAINT `craft_assetfiles_sourceId_fk` FOREIGN KEY (`sourceId`) REFERENCES `craft_assetsources` (`id`) ON DELETE CASCADE;

--
-- Constraints for table `craft_assetfolders`
--
ALTER TABLE `craft_assetfolders`
	ADD CONSTRAINT `craft_assetfolders_parentId_fk` FOREIGN KEY (`parentId`) REFERENCES `craft_assetfolders` (`id`) ON DELETE CASCADE,
	ADD CONSTRAINT `craft_assetfolders_sourceId_fk` FOREIGN KEY (`sourceId`) REFERENCES `craft_assetsources` (`id`) ON DELETE CASCADE;

--
-- Constraints for table `craft_assetindexdata`
--
ALTER TABLE `craft_assetindexdata`
	ADD CONSTRAINT `craft_assetindexdata_sourceId_fk` FOREIGN KEY (`sourceId`) REFERENCES `craft_assetsources` (`id`) ON DELETE CASCADE;

--
-- Constraints for table `craft_assetsources`
--
ALTER TABLE `craft_assetsources`
	ADD CONSTRAINT `craft_assetsources_fieldLayoutId_fk` FOREIGN KEY (`fieldLayoutId`) REFERENCES `craft_fieldlayouts` (`id`) ON DELETE SET NULL;

--
-- Constraints for table `craft_categories`
--
ALTER TABLE `craft_categories`
	ADD CONSTRAINT `craft_categories_groupId_fk` FOREIGN KEY (`groupId`) REFERENCES `craft_categorygroups` (`id`) ON DELETE CASCADE,
	ADD CONSTRAINT `craft_categories_id_fk` FOREIGN KEY (`id`) REFERENCES `craft_elements` (`id`) ON DELETE CASCADE;

--
-- Constraints for table `craft_categorygroups`
--
ALTER TABLE `craft_categorygroups`
	ADD CONSTRAINT `craft_categorygroups_fieldLayoutId_fk` FOREIGN KEY (`fieldLayoutId`) REFERENCES `craft_fieldlayouts` (`id`) ON DELETE SET NULL,
	ADD CONSTRAINT `craft_categorygroups_structureId_fk` FOREIGN KEY (`structureId`) REFERENCES `craft_structures` (`id`) ON DELETE CASCADE;

--
-- Constraints for table `craft_categorygroups_i18n`
--
ALTER TABLE `craft_categorygroups_i18n`
	ADD CONSTRAINT `craft_categorygroups_i18n_groupId_fk` FOREIGN KEY (`groupId`) REFERENCES `craft_categorygroups` (`id`) ON DELETE CASCADE,
	ADD CONSTRAINT `craft_categorygroups_i18n_locale_fk` FOREIGN KEY (`locale`) REFERENCES `craft_locales` (`locale`) ON DELETE CASCADE ON UPDATE CASCADE;

--
-- Constraints for table `craft_content`
--
ALTER TABLE `craft_content`
	ADD CONSTRAINT `craft_content_elementId_fk` FOREIGN KEY (`elementId`) REFERENCES `craft_elements` (`id`) ON DELETE CASCADE,
	ADD CONSTRAINT `craft_content_locale_fk` FOREIGN KEY (`locale`) REFERENCES `craft_locales` (`locale`) ON DELETE CASCADE ON UPDATE CASCADE;

--
-- Constraints for table `craft_elements_i18n`
--
ALTER TABLE `craft_elements_i18n`
	ADD CONSTRAINT `craft_elements_i18n_elementId_fk` FOREIGN KEY (`elementId`) REFERENCES `craft_elements` (`id`) ON DELETE CASCADE,
	ADD CONSTRAINT `craft_elements_i18n_locale_fk` FOREIGN KEY (`locale`) REFERENCES `craft_locales` (`locale`) ON DELETE CASCADE ON UPDATE CASCADE;

--
-- Constraints for table `craft_emailmessages`
--
ALTER TABLE `craft_emailmessages`
	ADD CONSTRAINT `craft_emailmessages_locale_fk` FOREIGN KEY (`locale`) REFERENCES `craft_locales` (`locale`) ON DELETE CASCADE ON UPDATE CASCADE;

--
-- Constraints for table `craft_entries`
--
ALTER TABLE `craft_entries`
	ADD CONSTRAINT `craft_entries_authorId_fk` FOREIGN KEY (`authorId`) REFERENCES `craft_users` (`id`) ON DELETE CASCADE,
	ADD CONSTRAINT `craft_entries_id_fk` FOREIGN KEY (`id`) REFERENCES `craft_elements` (`id`) ON DELETE CASCADE,
	ADD CONSTRAINT `craft_entries_sectionId_fk` FOREIGN KEY (`sectionId`) REFERENCES `craft_sections` (`id`) ON DELETE CASCADE,
	ADD CONSTRAINT `craft_entries_typeId_fk` FOREIGN KEY (`typeId`) REFERENCES `craft_entrytypes` (`id`) ON DELETE CASCADE;

--
-- Constraints for table `craft_entrydrafts`
--
ALTER TABLE `craft_entrydrafts`
	ADD CONSTRAINT `craft_entrydrafts_creatorId_fk` FOREIGN KEY (`creatorId`) REFERENCES `craft_users` (`id`) ON DELETE CASCADE,
	ADD CONSTRAINT `craft_entrydrafts_entryId_fk` FOREIGN KEY (`entryId`) REFERENCES `craft_entries` (`id`) ON DELETE CASCADE,
	ADD CONSTRAINT `craft_entrydrafts_locale_fk` FOREIGN KEY (`locale`) REFERENCES `craft_locales` (`locale`) ON DELETE CASCADE ON UPDATE CASCADE,
	ADD CONSTRAINT `craft_entrydrafts_sectionId_fk` FOREIGN KEY (`sectionId`) REFERENCES `craft_sections` (`id`) ON DELETE CASCADE;

--
-- Constraints for table `craft_entrytypes`
--
ALTER TABLE `craft_entrytypes`
	ADD CONSTRAINT `craft_entrytypes_fieldLayoutId_fk` FOREIGN KEY (`fieldLayoutId`) REFERENCES `craft_fieldlayouts` (`id`) ON DELETE SET NULL,
	ADD CONSTRAINT `craft_entrytypes_sectionId_fk` FOREIGN KEY (`sectionId`) REFERENCES `craft_sections` (`id`) ON DELETE CASCADE;

--
-- Constraints for table `craft_entryversions`
--
ALTER TABLE `craft_entryversions`
	ADD CONSTRAINT `craft_entryversions_creatorId_fk` FOREIGN KEY (`creatorId`) REFERENCES `craft_users` (`id`) ON DELETE SET NULL,
	ADD CONSTRAINT `craft_entryversions_entryId_fk` FOREIGN KEY (`entryId`) REFERENCES `craft_entries` (`id`) ON DELETE CASCADE,
	ADD CONSTRAINT `craft_entryversions_locale_fk` FOREIGN KEY (`locale`) REFERENCES `craft_locales` (`locale`) ON DELETE CASCADE ON UPDATE CASCADE,
	ADD CONSTRAINT `craft_entryversions_sectionId_fk` FOREIGN KEY (`sectionId`) REFERENCES `craft_sections` (`id`) ON DELETE CASCADE;

--
-- Constraints for table `craft_fieldlayoutfields`
--
ALTER TABLE `craft_fieldlayoutfields`
	ADD CONSTRAINT `craft_fieldlayoutfields_fieldId_fk` FOREIGN KEY (`fieldId`) REFERENCES `craft_fields` (`id`) ON DELETE CASCADE,
	ADD CONSTRAINT `craft_fieldlayoutfields_layoutId_fk` FOREIGN KEY (`layoutId`) REFERENCES `craft_fieldlayouts` (`id`) ON DELETE CASCADE,
	ADD CONSTRAINT `craft_fieldlayoutfields_tabId_fk` FOREIGN KEY (`tabId`) REFERENCES `craft_fieldlayouttabs` (`id`) ON DELETE CASCADE;

--
-- Constraints for table `craft_fieldlayouttabs`
--
ALTER TABLE `craft_fieldlayouttabs`
	ADD CONSTRAINT `craft_fieldlayouttabs_layoutId_fk` FOREIGN KEY (`layoutId`) REFERENCES `craft_fieldlayouts` (`id`) ON DELETE CASCADE;

--
-- Constraints for table `craft_fields`
--
ALTER TABLE `craft_fields`
	ADD CONSTRAINT `craft_fields_groupId_fk` FOREIGN KEY (`groupId`) REFERENCES `craft_fieldgroups` (`id`) ON DELETE CASCADE;

--
-- Constraints for table `craft_globalsets`
--
ALTER TABLE `craft_globalsets`
	ADD CONSTRAINT `craft_globalsets_fieldLayoutId_fk` FOREIGN KEY (`fieldLayoutId`) REFERENCES `craft_fieldlayouts` (`id`) ON DELETE SET NULL,
	ADD CONSTRAINT `craft_globalsets_id_fk` FOREIGN KEY (`id`) REFERENCES `craft_elements` (`id`) ON DELETE CASCADE;

--
-- Constraints for table `craft_matrixblocks`
--
ALTER TABLE `craft_matrixblocks`
	ADD CONSTRAINT `craft_matrixblocks_fieldId_fk` FOREIGN KEY (`fieldId`) REFERENCES `craft_fields` (`id`) ON DELETE CASCADE,
	ADD CONSTRAINT `craft_matrixblocks_id_fk` FOREIGN KEY (`id`) REFERENCES `craft_elements` (`id`) ON DELETE CASCADE,
	ADD CONSTRAINT `craft_matrixblocks_ownerId_fk` FOREIGN KEY (`ownerId`) REFERENCES `craft_elements` (`id`) ON DELETE CASCADE,
	ADD CONSTRAINT `craft_matrixblocks_ownerLocale_fk` FOREIGN KEY (`ownerLocale`) REFERENCES `craft_locales` (`locale`) ON DELETE CASCADE ON UPDATE CASCADE,
	ADD CONSTRAINT `craft_matrixblocks_typeId_fk` FOREIGN KEY (`typeId`) REFERENCES `craft_matrixblocktypes` (`id`) ON DELETE CASCADE;

--
-- Constraints for table `craft_matrixblocktypes`
--
ALTER TABLE `craft_matrixblocktypes`
	ADD CONSTRAINT `craft_matrixblocktypes_fieldId_fk` FOREIGN KEY (`fieldId`) REFERENCES `craft_fields` (`id`) ON DELETE CASCADE,
	ADD CONSTRAINT `craft_matrixblocktypes_fieldLayoutId_fk` FOREIGN KEY (`fieldLayoutId`) REFERENCES `craft_fieldlayouts` (`id`) ON DELETE SET NULL;

--
-- Constraints for table `craft_migrations`
--
ALTER TABLE `craft_migrations`
	ADD CONSTRAINT `craft_migrations_pluginId_fk` FOREIGN KEY (`pluginId`) REFERENCES `craft_plugins` (`id`) ON DELETE CASCADE;

--
-- Constraints for table `craft_relations`
--
ALTER TABLE `craft_relations`
	ADD CONSTRAINT `craft_relations_fieldId_fk` FOREIGN KEY (`fieldId`) REFERENCES `craft_fields` (`id`) ON DELETE CASCADE,
	ADD CONSTRAINT `craft_relations_sourceId_fk` FOREIGN KEY (`sourceId`) REFERENCES `craft_elements` (`id`) ON DELETE CASCADE,
	ADD CONSTRAINT `craft_relations_sourceLocale_fk` FOREIGN KEY (`sourceLocale`) REFERENCES `craft_locales` (`locale`) ON DELETE CASCADE ON UPDATE CASCADE,
	ADD CONSTRAINT `craft_relations_targetId_fk` FOREIGN KEY (`targetId`) REFERENCES `craft_elements` (`id`) ON DELETE CASCADE;

--
-- Constraints for table `craft_routes`
--
ALTER TABLE `craft_routes`
	ADD CONSTRAINT `craft_routes_locale_fk` FOREIGN KEY (`locale`) REFERENCES `craft_locales` (`locale`) ON DELETE CASCADE ON UPDATE CASCADE;

--
-- Constraints for table `craft_sections`
--
ALTER TABLE `craft_sections`
	ADD CONSTRAINT `craft_sections_structureId_fk` FOREIGN KEY (`structureId`) REFERENCES `craft_structures` (`id`) ON DELETE SET NULL;

--
-- Constraints for table `craft_sections_i18n`
--
ALTER TABLE `craft_sections_i18n`
	ADD CONSTRAINT `craft_sections_i18n_locale_fk` FOREIGN KEY (`locale`) REFERENCES `craft_locales` (`locale`) ON DELETE CASCADE ON UPDATE CASCADE,
	ADD CONSTRAINT `craft_sections_i18n_sectionId_fk` FOREIGN KEY (`sectionId`) REFERENCES `craft_sections` (`id`) ON DELETE CASCADE;

--
-- Constraints for table `craft_sessions`
--
ALTER TABLE `craft_sessions`
	ADD CONSTRAINT `craft_sessions_userId_fk` FOREIGN KEY (`userId`) REFERENCES `craft_users` (`id`) ON DELETE CASCADE;

--
-- Constraints for table `craft_shunnedmessages`
--
ALTER TABLE `craft_shunnedmessages`
	ADD CONSTRAINT `craft_shunnedmessages_userId_fk` FOREIGN KEY (`userId`) REFERENCES `craft_users` (`id`) ON DELETE CASCADE;

--
-- Constraints for table `craft_structureelements`
--
ALTER TABLE `craft_structureelements`
	ADD CONSTRAINT `craft_structureelements_elementId_fk` FOREIGN KEY (`elementId`) REFERENCES `craft_elements` (`id`) ON DELETE CASCADE,
	ADD CONSTRAINT `craft_structureelements_structureId_fk` FOREIGN KEY (`structureId`) REFERENCES `craft_structures` (`id`) ON DELETE CASCADE;

--
-- Constraints for table `craft_taggroups`
--
ALTER TABLE `craft_taggroups`
	ADD CONSTRAINT `craft_taggroups_fieldLayoutId_fk` FOREIGN KEY (`fieldLayoutId`) REFERENCES `craft_fieldlayouts` (`id`) ON DELETE SET NULL;

--
-- Constraints for table `craft_tags`
--
ALTER TABLE `craft_tags`
	ADD CONSTRAINT `craft_tags_groupId_fk` FOREIGN KEY (`groupId`) REFERENCES `craft_taggroups` (`id`) ON DELETE CASCADE,
	ADD CONSTRAINT `craft_tags_id_fk` FOREIGN KEY (`id`) REFERENCES `craft_elements` (`id`) ON DELETE CASCADE;

--
-- Constraints for table `craft_templatecachecriteria`
--
ALTER TABLE `craft_templatecachecriteria`
	ADD CONSTRAINT `craft_templatecachecriteria_cacheId_fk` FOREIGN KEY (`cacheId`) REFERENCES `craft_templatecaches` (`id`) ON DELETE CASCADE;

--
-- Constraints for table `craft_templatecacheelements`
--
ALTER TABLE `craft_templatecacheelements`
	ADD CONSTRAINT `craft_templatecacheelements_cacheId_fk` FOREIGN KEY (`cacheId`) REFERENCES `craft_templatecaches` (`id`) ON DELETE CASCADE,
	ADD CONSTRAINT `craft_templatecacheelements_elementId_fk` FOREIGN KEY (`elementId`) REFERENCES `craft_elements` (`id`) ON DELETE CASCADE;

--
-- Constraints for table `craft_templatecaches`
--
ALTER TABLE `craft_templatecaches`
	ADD CONSTRAINT `craft_templatecaches_locale_fk` FOREIGN KEY (`locale`) REFERENCES `craft_locales` (`locale`) ON DELETE CASCADE ON UPDATE CASCADE;

--
-- Constraints for table `craft_usergroups_users`
--
ALTER TABLE `craft_usergroups_users`
	ADD CONSTRAINT `craft_usergroups_users_groupId_fk` FOREIGN KEY (`groupId`) REFERENCES `craft_usergroups` (`id`) ON DELETE CASCADE,
	ADD CONSTRAINT `craft_usergroups_users_userId_fk` FOREIGN KEY (`userId`) REFERENCES `craft_users` (`id`) ON DELETE CASCADE;

--
-- Constraints for table `craft_userpermissions_usergroups`
--
ALTER TABLE `craft_userpermissions_usergroups`
	ADD CONSTRAINT `craft_userpermissions_usergroups_groupId_fk` FOREIGN KEY (`groupId`) REFERENCES `craft_usergroups` (`id`) ON DELETE CASCADE,
	ADD CONSTRAINT `craft_userpermissions_usergroups_permissionId_fk` FOREIGN KEY (`permissionId`) REFERENCES `craft_userpermissions` (`id`) ON DELETE CASCADE;

--
-- Constraints for table `craft_userpermissions_users`
--
ALTER TABLE `craft_userpermissions_users`
	ADD CONSTRAINT `craft_userpermissions_users_permissionId_fk` FOREIGN KEY (`permissionId`) REFERENCES `craft_userpermissions` (`id`) ON DELETE CASCADE,
	ADD CONSTRAINT `craft_userpermissions_users_userId_fk` FOREIGN KEY (`userId`) REFERENCES `craft_users` (`id`) ON DELETE CASCADE;

--
-- Constraints for table `craft_users`
--
ALTER TABLE `craft_users`
	ADD CONSTRAINT `craft_users_id_fk` FOREIGN KEY (`id`) REFERENCES `craft_elements` (`id`) ON DELETE CASCADE,
	ADD CONSTRAINT `craft_users_preferredLocale_fk` FOREIGN KEY (`preferredLocale`) REFERENCES `craft_locales` (`locale`) ON DELETE SET NULL ON UPDATE CASCADE;

--
-- Constraints for table `craft_widgets`
--
ALTER TABLE `craft_widgets`
	ADD CONSTRAINT `craft_widgets_userId_fk` FOREIGN KEY (`userId`) REFERENCES `craft_users` (`id`) ON DELETE CASCADE;

SET FOREIGN_KEY_CHECKS = 1;
